Contract Identifier,State Office Code,Contract Term,Acres Current,Mbf Current,Ccf Current,Value Sold
AKA02-TS-2012.0001,AK,36.0,87.0,321.5,524.0,9415.0
CA36-TS-2011.0004,CA,24.0,77.0,292.0,467.2,16027.9
CA36-TS-2011.0005,CA,24.0,62.0,508.0,813.0,50597.5
CAN02-TS-2015.0113,CA,12.0,40.0,49.8,81.2,3000.0
CAN02-TS-2015.1021,CA,18.0,120.0,1568.0,2555.8,121812.0
CAN05-TS-2014.0001,CA,36.0,80.0,470.0,766.1,51240.8
CAN06-TS-2014.0003,CA,24.0,18.0,68.0,110.8,17746.7
CAN06-TS-2014.0009,CA,24.0,114.0,1680.0,2738.4,271513.2
CAN06-TS-2014.0011,CA,24.0,3.0,15.0,24.5,2534.0
CAN06-TS-2015.0002,CA,24.0,11.0,15.0,24.5,1647.6
CAN06-TS-2015.0004,CA,24.0,20.0,15.8,25.8,6131.1
CAN06-TS-2015.0005,CA,24.0,2.0,3.2,5.2,1478.2
CAN06-TS-2016.0001,CA,24.0,2.0,10.3,16.8,5411.7
CAN06-TS-2016.0002,CA,12.0,15.0,26.0,42.4,10472.5
CAN06-TS-2017.0001,CA,12.0,64.0,553.0,901.4,41549.82
CAN06-TS-2019.0002,CA,12.0,122.0,2189.9,3569.5,125745.52
CO12-TS-2011.0001,CO,24.0,110.0,881.0,1850.0,4405.0
CO12-TS-2011.0003,CO,36.0,215.0,2076.0,4325.8,10140.0
COF02-TS-2013.0001,CO,36.0,145.0,285.3,465.0,6733.35
COF02-TS-2013.0002,CO,24.0,56.0,127.6,208.0,3207.0
COF02-TS-2014.0001,CO,24.0,48.0,533.0,868.8,23119.02
COF02-TS-2014.0005,CO,24.0,54.0,49.0,79.9,3144.0
COF02-TS-2014.0006,CO,24.0,42.0,128.0,208.0,2392.0
COF02-TS-2014.0010,CO,24.0,24.0,166.0,270.6,7014.0
COF02-TS-2015.0001,CO,36.0,79.0,673.0,1097.0,42166.5
COF02-TS-2015.0002,CO,24.0,83.0,230.0,375.0,5865.0
COF02-TS-2015.0003,CO,24.0,113.0,147.0,239.6,4140.75
COF02-TS-2015.0004,CO,24.0,14.0,30.0,49.0,1050.0
COF02-TS-2015.0006,CO,36.0,179.0,1008.0,1643.0,29084.16
COF02-TS-2016.0001,CO,24.0,29.0,119.0,194.0,2104.0
COF02-TS-2016.0002,CO,36.0,87.0,1030.0,1678.9,46493.0
COF02-TS-2017.0001,CO,36.0,131.0,1528.0,2490.6,54846.8
COF02-TS-2019.0001,CO,36.0,190.0,1496.0,2438.5,19970.05
COF07-TS-2017.0001,CO,36.0,130.0,1632.1,3300.0,19738.14
CON02-TS-2012.0002,CO,36.0,97.0,597.0,973.1,2985.0
CON02-TS-2012.0003,CO,24.0,65.0,513.0,836.2,4001.4
CON02-TS-2012.0004,CO,24.0,48.0,483.8,1016.0,2306.32
CON02-TS-2013.0002,CO,36.0,151.0,665.0,1084.0,3712.44
CON02-TS-2013.0003,CO,24.0,86.0,297.0,484.1,1600.0
CON02-TS-2013.0005,CO,24.0,172.0,2312.0,3769.0,19871.69
CON02-TS-2014.0001,CO,12.0,9.0,77.0,125.5,582.89
CON02-TS-2014.0003,CO,24.0,20.0,168.0,273.8,2184.0
CON02-TS-2014.0005,CO,36.0,405.0,3416.0,5568.1,77715.1
CON02-TS-2015.0001,CO,24.0,48.0,205.0,334.2,2460.0
CON02-TS-2015.0003,CO,36.0,113.0,890.0,1450.7,17933.5
CON02-TS-2015.0004,CO,36.0,303.0,1503.0,2449.9,11317.59
CON02-TS-2016.0002,CO,36.0,117.0,373.0,608.0,1872.46
CON02-TS-2016.0003,CO,36.0,44.0,398.0,648.7,2015.34
CON02-TS-2017.0001,CO,36.0,310.0,1507.9,2457.9,7539.5
CON02-TS-2018.0002,CO,36.0,148.0,919.0,1498.0,11028.0
CON02-TS-2018.0003,CO,36.0,316.0,2384.0,3885.9,11987.59
CON02-TS-2019.0001,CO,11.0,17.0,105.0,171.2,262.5
COS06-TS-2016.0001,CO,36.0,421.0,2603.8,4244.2,33200.62
ID01-TS-2011.0001,ID,15.0,81.0,369.3,602.0,3979.04
ID07-TS-2011.0001,ID,36.0,100.0,1045.0,1703.4,12486.67
ID07-TS-2011.0002,ID,36.0,32.0,119.0,202.3,4403.0
ID07-TS-2011.0003,ID,36.0,41.0,124.0,210.8,10587.0
ID08-TS-2009.0002,ID,36.0,36.0,-337.8,272.7,5200.6
ID08-TS-2010.0004,ID,36.0,52.5,436.4,1371.9,14483.71
ID31-TS-2011.0002,ID,36.0,32.0,119.0,202.3,4403.0
ID31-TS-2011.0003,ID,36.0,41.0,124.0,210.8,10587.0
ID32-TS-2011.0001,ID,36.0,100.0,1045.0,1703.4,12486.67
ID34-TS-2010.0004,ID,36.0,52.5,436.4,1371.9,14483.71
IDB01-TS-2014.0001,ID,36.0,280.0,2230.0,3634.9,395820.54
IDB01-TS-2017.0001,ID,15.0,28.0,3320.0,5411.6,53243.85
IDB01-TS-2018.0001,ID,19.0,98.0,529.0,862.3,165800.0
IDB01-TS-2018.0002,ID,2.0,29.0,149.0,242.9,19006.68
IDB01-TS-2019.0001,ID,36.0,650.0,5376.0,8762.8,1030684.2
IDC01-TS-2012.0001,ID,20.0,225.0,2378.0,3876.1,117672.96
IDC01-TS-2012.0002,ID,36.0,313.0,3277.0,5341.5,78178.0
IDC01-TS-2014.0001,ID,24.0,104.0,616.0,1004.1,87798.6
IDC01-TS-2015.0001,ID,36.0,185.0,1635.0,2665.1,266186.31
IDC01-TS-2016.0001,ID,36.0,295.0,2104.0,3429.5,251330.31
IDC01-TS-2017.0001,ID,36.0,410.0,4118.5,6713.2,383244.96
IDC01-TS-2018.0001,ID,18.0,171.0,1457.0,2374.9,254150.4
IDC01-TS-2019.0001,ID,18.0,276.0,2525.4,4116.3,598310.92
IDC02-TS-2012.0002,ID,12.0,30.0,100.5,163.8,1472.0
IDC02-TS-2013.0001,ID,36.0,211.0,2179.0,3551.8,263758.0
IDC02-TS-2013.0004,ID,24.0,517.0,5462.6,8904.0,286935.0
IDC02-TS-2014.0003,ID,12.0,84.0,600.4,978.7,9100.0
IDC02-TS-2015.0001,ID,6.0,2.0,33.0,216.8,1955.0
IDC02-TS-2015.0002,ID,36.0,298.0,3453.0,5628.4,683930.0
IDC02-TS-2015.0003,ID,6.0,3.0,27.0,202.1,3315.0
IDC02-TS-2016.0001,ID,12.0,138.0,1420.0,2314.6,141697.3
IDC02-TS-2016.0002,ID,12.0,51.0,490.0,798.7,10357.8
IDC02-TS-2016.0003,ID,12.0,141.6,1200.0,1956.0,40882.2
IDC02-TS-2017.0001,ID,12.0,39.6,656.0,1069.3,10446.0
IDC02-TS-2018.0001,ID,36.0,701.0,5768.0,9401.8,454738.5
IDC02-TS-2019.0001,ID,18.0,240.0,3030.9,4940.4,400492.8
IDI00-TS-2019.0001,ID,36.0,2.9,39.8,64.9,4357.7
IDI01-TS-2013.0001,ID,36.0,22.3,164.2,267.6,5902.99
IDI01-TS-2014.0001,ID,36.0,14.8,90.0,146.7,5700.6
IDI01-TS-2014.0002,ID,24.0,40.0,284.2,463.2,42630.0
IDI01-TS-2014.0003,ID,24.0,28.0,371.0,604.7,22096.76
IDI01-TS-2016.0001,ID,36.0,135.0,540.0,880.2,67392.0
IDI01-TS-2017.0001,ID,36.0,30.0,85.0,138.6,4034.1
IDI01-TS-2017.0002,ID,36.0,166.0,683.0,1113.3,97592.43
IDI01-TS-2017.0004,ID,24.0,35.0,171.9,280.2,9130.2
IDI01-TS-2018.0001,ID,36.0,90.0,300.0,489.0,18648.0
IDI02-TS-2012.0004,ID,36.0,123.3,431.1,702.7,18989.1
IDI02-TS-2013.0001,ID,24.0,52.0,384.5,626.7,15518.79
IDI02-TS-2014.0001,ID,24.0,60.0,200.9,327.5,43850.38
IDI02-TS-2014.0002,ID,12.0,98.0,498.0,811.7,11815.78
IDI02-TS-2014.0003,ID,12.0,64.0,415.0,676.5,14549.86
IDI02-TS-2017.0001,ID,17.0,30.0,385.0,627.6,38831.1
IDI02-TS-2017.0002,ID,12.0,43.0,586.3,955.7,64709.93
IDI02-TS-2018.0001,ID,27.0,74.0,572.0,932.4,57629.0
IDI04-TS-2012.0001,ID,24.0,39.5,824.8,1344.4,13518.21
IDI04-TS-2012.0002,ID,24.0,26.1,244.9,399.2,15059.9
IDI04-TS-2014.0001,ID,24.0,34.1,756.2,1232.6,13961.58
IDI04-TS-2015.0001,ID,24.0,39.3,276.5,450.7,20735.75
IDI04-TS-2016.0001,ID,36.0,30.0,222.9,363.3,15283.0
IDI04-TS-2017.0001,ID,36.0,38.3,204.3,333.0,16785.0
IDI04-TS-2017.0002,ID,36.0,38.2,291.7,475.5,21166.2
IDT03-TS-2013.0001,ID,15.0,121.0,500.0,815.0,48348.3
MT001-TS-2013.0001,MT,24.0,183.0,2034.0,3315.4,96270.0
MT001-TS-2018.0001,MT,12.0,64.0,165.0,269.0,1152.0
MT05-TS-2010.0001,MT,24.0,212.0,1014.5,2108.1,21630.0
MT10-TS-2010.0002,MT,36.0,1089.0,11379.0,25354.7,1383033.3
MT10-TS-2010.0005,MT,36.0,989.0,7623.0,17556.4,322849.2
MTB01-TS-2012.0001,MT,24.0,149.0,1080.0,1760.4,57773.33
MTB01-TS-2015.0001,MT,24.0,155.0,1785.0,8252.0,417375.85
MTB01-TS-2016.0001,MT,12.0,2.0,40.0,120.6,5960.0
MTB01-TS-2016.0002,MT,24.0,172.0,1145.0,1866.4,277794.16
MTB01-TS-2017.0001,MT,24.0,58.0,40.0,65.2,4011.5
MTB01-TS-2018.0001,MT,12.0,50.7,52.9,86.2,3846.0
MTB01-TS-2018.0002,MT,12.0,25.0,56.0,91.3,5967.0
MTB01-TS-2018.0003,MT,36.0,250.0,1255.8,2047.0,118541.58
MTB01-TS-2018.0004,MT,36.0,369.0,904.0,1473.5,85732.0
MTB01-TS-2019.0001,MT,19.0,45.0,109.0,177.7,14130.0
MTB01-TS-2019.0002,MT,30.0,34.0,130.0,211.9,21299.19
MTB05-TS-2012.0002,MT,15.0,188.0,859.5,1401.0,149998.6
MTB05-TS-2013.0001,MT,36.0,886.0,3137.0,5113.3,285750.2
MTB05-TS-2013.0002,MT,3.0,39.0,155.8,254.0,7509.31
MTB05-TS-2014.0001,MT,24.0,565.0,4896.0,7980.5,1772327.9
MTB05-TS-2015.0003,MT,24.0,51.0,421.0,686.2,49113.65
MTB05-TS-2016.0001,MT,12.0,39.0,160.0,260.8,21300.0
MTB05-TS-2017.0001,MT,24.0,107.5,301.4,491.3,44000.0
MTB05-TS-2017.0002,MT,36.0,113.0,1295.0,2110.9,133343.2
MTB05-TS-2017.0003,MT,24.0,92.0,662.0,1652.8,8959.0
MTB05-TS-2017.0004,MT,18.0,60.0,406.0,661.8,31056.0
MTB05-TS-2018.0001,MT,24.0,110.0,575.0,937.3,64807.5
MTB05-TS-2018.0002,MT,36.0,910.0,6071.0,9895.7,560004.04
MTB05-TS-2019.0001,MT,24.0,110.0,575.0,937.3,34418.75
MTB07-TS-2013.0002,MT,24.0,173.0,329.1,536.4,4322.96
MTB07-TS-2013.0003,MT,12.0,80.0,1017.7,1658.9,138967.5
MTB07-TS-2014.0001,MT,14.0,130.0,292.0,476.0,50246.25
MTB07-TS-2014.0002,MT,14.0,120.0,438.0,713.9,68220.0
MTB07-TS-2014.0003,MT,24.0,37.0,347.3,566.1,6905.0
MTB07-TS-2015.0001,MT,13.0,5.0,31.0,50.5,3176.15
MTB07-TS-2015.0002,MT,26.0,244.0,1380.0,2249.4,207481.75
MTB07-TS-2015.0003,MT,24.0,135.0,256.0,417.3,3808.0
MTB07-TS-2015.0004,MT,24.0,111.0,1120.0,1825.6,190370.0
MTB07-TS-2016.0001,MT,24.0,20.0,18.2,29.7,545.0
MTB07-TS-2017.0001,MT,24.0,117.0,800.0,1304.0,65010.0
MTB07-TS-2017.0002,MT,24.0,53.0,275.0,448.3,38475.0
MTB07-TS-2018.0001,MT,36.0,122.0,191.0,311.3,6910.9
MTB07-TS-2018.0002,MT,24.0,68.0,700.0,1141.0,59500.0
MTB07-TS-2018.0004,MT,13.0,89.0,226.0,368.4,17275.44
MTB07-TS-2018.0005,MT,36.0,244.0,1000.0,1630.0,91006.25
MTB07-TS-2019.0001,MT,30.0,114.0,515.0,839.5,45240.0
MTB07-TS-2019.0002,MT,30.0,75.0,394.0,642.2,39515.0
MTB07-TS-2019.0003,MT,36.0,400.0,910.0,1483.3,31856.0
MTB07-TS-2019.0005,MT,36.0,227.0,450.0,733.5,28026.04
MTB07-TS-2019.0006,MT,36.0,50.0,88.0,143.4,3080.6
MTC01-TS-2019.0001,MT,12.0,35.0,84.0,136.9,566.0
MTC04-TS-2014.0001,MT,4.0,121.0,86.0,140.2,1575.0
MTC04-TS-2014.0002,MT,4.0,85.0,144.0,234.7,3456.0
MTC04-TS-2015.0001,MT,6.0,187.0,104.0,169.5,3120.0
MTL06-TS-2013.0001,MT,12.0,240.0,1093.5,1782.4,5600.0
MTL06-TS-2014.0001,MT,12.0,26.0,89.0,145.1,2304.0
MTL06-TS-2014.0002,MT,18.0,148.0,346.0,564.0,15498.3
MTL06-TS-2016.0001,MT,24.0,317.0,1572.0,2562.4,20614.0
MTL06-TS-2017.0001,MT,24.0,265.0,1617.0,2635.7,192123.8
MTL06-TS-2019.0001,MT,24.0,321.0,1320.0,2151.6,154048.8
MTL06-TS-2019.0002,MT,24.0,254.0,1185.0,1931.6,71716.0
OR01-TS-2010.0002,OR,25.0,433.0,2753.2,4896.9,240749.4
OR01-TS-2011.0002,OR,26.0,239.0,1671.6,3216.9,116694.6
OR03-TS-2010.0001,OR,36.0,437.0,1402.9,2720.2,36903.2
OR08-TS-1991.0509,OR,24.0,23.0,1573.2,2564.3,773620.0
OR08-TS-2007.0301,OR,36.0,261.0,6751.0,11041.6,931821.6
OR08-TS-2007.0503,OR,36.0,571.0,10225.7,18268.1,1928177.1
OR08-TS-2008.0101,OR,36.0,155.0,1765.4,3231.0,54237.3
OR08-TS-2008.0503,OR,36.0,523.0,8584.5,15651.8,2521209.5
OR08-TS-2009.0102,OR,36.0,182.0,2921.9,5238.7,282066.2
OR08-TS-2009.0103,OR,36.0,388.0,7863.6,14207.7,899912.8
OR08-TS-2009.0302,OR,36.0,99.0,6990.0,10837.0,1048178.4
OR08-TS-2010.0103,OR,36.0,223.0,3759.3,6740.0,826056.1
OR08-TS-2010.0105,OR,36.0,65.0,1066.0,1968.6,108080.0
OR08-TS-2010.0302,OR,36.0,166.0,6180.0,11560.7,1065553.8
OR08-TS-2010.0304,OR,36.0,254.0,7314.8,12561.3,1517973.0
OR08-TS-2010.0501,OR,36.0,389.0,9566.9,16772.0,1630770.1
OR08-TS-2010.0502,OR,36.0,433.0,7231.3,13143.5,1337933.2
OR08-TS-2010.0503,OR,36.0,428.0,9695.3,16708.5,2295614.3
OR08-TS-2011.0101,OR,36.0,149.0,3619.8,6252.3,1159547.6
OR08-TS-2011.0102,OR,36.0,372.0,7202.5,13227.2,2053768.9
OR08-TS-2011.0301,OR,36.0,304.0,11320.0,20317.3,756676.8
OR08-TS-2011.0302,OR,36.0,216.0,7602.0,13243.2,1617418.2
OR08-TS-2011.0501,OR,36.0,152.0,1987.3,3586.1,465031.9
OR08-TS-2011.0502,OR,36.0,456.0,12642.3,22696.8,2718224.4
OR08-TS-2011.0504,OR,36.0,143.0,2903.5,5170.9,819841.8
OR08-TS-2012.0303,OR,36.0,247.0,6430.0,12330.0,910767.0
OR09-TS-1999.0385,OR,36.0,36.0,718.5,1728.8,637519.0
OR09-TS-2008.0675,OR,36.0,423.0,7725.7,13652.0,357433.0
OR09-TS-2008.0677,OR,36.0,365.0,6706.0,11189.0,947484.0
OR09-TS-2009.0602,OR,36.0,389.0,6874.5,16523.6,170205.0
OR09-TS-2010.0539,OR,36.0,416.0,6019.0,11164.7,280347.0
OR09-TS-2010.0554,OR,36.0,396.0,9394.9,16561.1,899514.6
OR09-TS-2010.0575,OR,36.0,487.0,9616.3,17056.2,323149.5
OR09-TS-2010.0628,OR,36.0,298.0,4003.0,7349.7,384372.0
OR09-TS-2010.0629,OR,36.0,442.0,7332.5,11866.3,219647.0
OR09-TS-2011.0553,OR,36.0,182.0,3936.9,7081.1,344079.6
OR09-TS-2011.0569,OR,36.0,310.0,4805.6,8693.6,313624.0
OR09-TS-2011.0580,OR,36.0,232.0,4114.5,7286.2,506368.0
OR09-TS-2011.0582,OR,36.0,45.5,376.0,704.0,15583.8
OR09-TS-2011.0584,OR,36.0,77.0,718.0,1300.3,41359.2
OR09-TS-2011.0590,OR,36.0,64.0,917.0,1661.0,29771.7
OR09-TS-2011.0595,OR,36.0,204.0,3296.4,6010.6,339683.5
OR09-TS-2011.0630,OR,36.0,287.0,6669.0,12206.1,696750.4
OR09-TS-2011.0631,OR,36.0,151.0,3084.2,5379.2,662245.5
OR09-TS-2011.0632,OR,36.0,88.0,1792.3,3036.4,302644.9
OR09-TS-2011.0645,OR,36.0,178.0,2636.5,4953.0,353850.0
OR09-TS-2011.0646,OR,36.0,404.0,7476.4,13623.5,710396.5
OR09-TS-2011.0647,OR,36.0,449.0,7636.1,13722.4,939219.0
OR09-TS-2012.0513,OR,36.0,135.3,3666.0,6476.8,520803.0
OR09-TS-2012.0599,OR,24.0,63.0,1041.7,1697.9,122457.0
OR10-TS-2003.0009,OR,36.0,146.2,4684.9,7493.5,788302.35
OR10-TS-2006.0002,OR,36.0,347.0,6877.0,11209.5,2133798.7
OR10-TS-2006.0004,OR,36.0,115.0,3315.0,5403.5,569408.8
OR10-TS-2006.0008,OR,36.0,114.0,4400.0,7172.0,1305830.7
OR10-TS-2009.0001,OR,24.0,135.0,1463.6,2385.7,103952.1
OR10-TS-2009.0005,OR,36.0,288.0,4091.7,7831.9,473123.0
OR10-TS-2009.0009,OR,36.0,215.0,3476.1,5881.5,429598.5
OR10-TS-2009.0011,OR,36.0,201.0,3313.5,6182.4,301259.1
OR10-TS-2009.0013,OR,36.0,296.0,4720.7,8755.8,437932.4
OR10-TS-2009.0018,OR,36.0,133.0,2792.2,5228.0,134607.9
OR10-TS-2009.0205,OR,18.0,1.0,49.0,79.9,3526.5
OR10-TS-2010.0002,OR,36.0,281.0,4113.2,7545.1,641144.2
OR10-TS-2010.0003,OR,36.0,172.0,2769.3,5025.3,104059.8
OR10-TS-2010.0008,OR,36.0,156.0,2175.8,4149.5,84837.9
OR10-TS-2010.0012,OR,36.0,341.0,6237.0,11743.5,539731.3
OR10-TS-2010.0013,OR,36.0,276.0,3795.5,7100.4,407536.4
OR10-TS-2010.0014,OR,36.0,249.0,3233.9,6084.9,340426.5
OR10-TS-2010.0016,OR,36.0,205.1,4267.9,7776.0,162437.1
OR10-TS-2011.0001,OR,36.0,69.0,1026.7,1905.5,76863.8
OR10-TS-2011.0002,OR,36.0,158.0,1978.4,3670.0,140725.2
OR10-TS-2011.0003,OR,36.0,132.0,1610.9,3030.2,174836.7
OR10-TS-2011.0007,OR,36.0,139.0,1769.1,3292.7,178280.4
OR10-TS-2011.0009,OR,36.0,124.0,2110.9,3827.4,164075.6
OR10-TS-2011.0010,OR,36.0,289.0,5581.8,10023.2,716997.9
OR10-TS-2011.0011,OR,36.0,207.0,2712.9,5050.4,116839.9
OR10-TS-2011.0013,OR,36.0,190.0,3576.4,6513.9,284870.2
OR10-TS-2012.0001,OR,36.0,330.0,7104.8,12999.7,902137.5
OR11-TS-2002.0017,OR,36.0,974.0,10169.0,16645.0,1669616.25
OR11-TS-2003.0002,OR,36.0,626.0,4967.8,9024.2,256086.0
OR11-TS-2004.0015,OR,36.0,773.0,5531.0,9015.5,311793.1
OR11-TS-2005.0010,OR,36.0,503.0,3241.0,5282.8,230064.4
OR11-TS-2005.0011,OR,36.0,368.0,5895.0,9608.9,1005135.9
OR11-TS-2005.0012,OR,36.0,800.0,5703.0,9295.9,1400305.6
OR11-TS-2005.0016,OR,36.0,337.0,2490.0,4058.7,407223.4
OR11-TS-2005.0018,OR,36.0,284.0,1558.0,2539.5,100252.9
OR11-TS-2005.0019,OR,36.0,378.0,2901.0,4728.6,523895.2
OR11-TS-2006.0003,OR,12.0,5.0,118.0,192.3,28048.6
OR11-TS-2006.0007,OR,36.0,228.0,1430.0,2330.9,412147.9
OR11-TS-2006.0009,OR,36.0,231.0,2920.0,4759.6,356921.8
OR11-TS-2006.0025,OR,3.0,61.0,43.0,70.1,15050.0
OR11-TS-2007.0019,OR,36.0,247.0,2987.8,6114.5,541183.5
OR11-TS-2007.0021,OR,12.0,1.0,15.0,24.5,3386.55
OR11-TS-2009.0011,OR,36.0,184.0,2912.8,5246.0,312786.2
OR11-TS-2010.0005,OR,36.0,66.0,536.0,958.0,43927.9
OR11-TS-2010.0009,OR,36.0,182.0,2393.2,4134.7,94437.1
OR11-TS-2010.0014,OR,24.0,110.0,263.0,526.0,19194.5
OR11-TS-2010.0015,OR,36.0,185.0,1343.4,2413.2,76060.0
OR11-TS-2010.0016,OR,36.0,29.0,222.5,409.8,24478.6
OR11-TS-2010.0017,OR,36.0,638.0,6846.6,11781.6,1610191.3
OR11-TS-2010.0018,OR,36.0,467.0,2735.2,4685.0,296477.0
OR11-TS-2010.0019,OR,36.0,478.0,2618.0,4618.0,255005.9
OR11-TS-2010.0020,OR,36.0,225.0,5161.0,8689.8,243658.9
OR11-TS-2011.0003,OR,24.0,41.0,628.4,1210.7,71207.9
OR11-TS-2011.0004,OR,36.0,98.0,1158.4,2046.8,248733.1
OR11-TS-2011.0005,OR,36.0,140.0,1257.0,2237.4,96888.5
OR11-TS-2011.0007,OR,24.0,69.0,640.2,1255.6,73795.2
OR11-TS-2011.0008,OR,36.0,70.0,961.0,1706.0,115278.7
OR11-TS-2011.0009,OR,36.0,405.0,7436.5,13081.4,703501.5
OR11-TS-2011.0017,OR,25.0,245.0,2075.7,3332.0,230606.0
OR11-TS-2011.0018,OR,24.0,2.0,33.5,65.8,5547.58
OR11-TS-2011.0019,OR,36.0,508.0,4002.5,6720.9,366756.8
OR11-TS-2011.0020,OR,36.0,709.0,3586.6,6198.7,173674.2
OR11-TS-2012.0002,OR,36.0,148.0,631.0,1200.0,38497.0
OR11-TS-2012.0003,OR,36.0,99.0,1146.4,1919.7,86727.0
OR11-TS-2012.0004,OR,36.0,255.0,787.0,1282.8,36963.8
OR11-TS-2012.0005,OR,36.0,178.0,1041.0,1770.0,186246.5
OR11-TS-2012.0006,OR,36.0,105.0,1318.4,2400.9,127732.4
OR11-TS-2012.0008,OR,36.0,229.0,1650.0,3094.3,66140.0
OR12-TS-2004.0005,OR,36.0,600.0,9854.8,17793.5,823572.3
OR12-TS-2007.0030,OR,36.0,304.0,3728.4,7006.9,115567.0
OR12-TS-2007.0032,OR,36.0,243.0,4400.2,7172.3,1159559.4
OR12-TS-2008.0003,OR,36.0,436.0,6854.5,12518.7,248314.3
OR12-TS-2008.0030,OR,36.0,364.0,5956.3,11197.2,166023.1
OR12-TS-2008.0031,OR,36.0,329.0,4009.3,7519.0,96196.4
OR12-TS-2009.0030,OR,36.0,620.0,10209.4,19273.7,263823.2
OR12-TS-2009.0031,OR,36.0,84.0,1362.3,2497.5,62780.1
OR12-TS-2009.0032,OR,36.0,334.0,5881.7,11119.8,339843.5
OR12-TS-2009.0034,OR,36.0,100.0,1431.9,2696.7,43675.3
OR12-TS-2009.0035,OR,36.0,107.0,2204.7,4124.5,55312.0
OR12-TS-2009.0038,OR,36.0,173.0,2266.3,4310.6,66289.4
OR12-TS-2010.0001,OR,36.0,332.0,6003.2,10959.3,521730.4
OR12-TS-2010.0002,OR,36.0,381.0,6677.8,11852.6,625095.5
OR12-TS-2010.0003,OR,36.0,310.0,4500.6,8390.1,205401.1
OR12-TS-2010.0004,OR,36.0,339.0,6554.3,12081.4,399609.9
OR12-TS-2010.0032,OR,36.0,313.0,4453.7,8284.3,135596.1
OR12-TS-2010.0033,OR,36.0,255.0,4095.3,7547.4,179945.2
OR12-TS-2011.0001,OR,36.0,264.0,4589.5,8240.9,659413.4
OR12-TS-2011.0007,OR,36.0,60.0,1532.1,2637.7,263231.5
OR12-TS-2011.0008,OR,36.0,85.0,1292.2,2220.3,35192.5
OR12-TS-2011.0030,OR,36.0,141.0,2224.1,4145.6,274962.6
OR12-TS-2011.0032,OR,36.0,108.0,3111.0,5378.2,251308.8
OR12-TS-2011.0033,OR,36.0,307.5,3216.1,5933.7,107836.2
OR12-TS-2011.0034,OR,36.0,220.0,6397.4,12268.2,439111.0
OR12-TS-2011.0035,OR,36.0,150.0,2774.1,5140.5,396009.1
OR12-TS-2011.0036,OR,36.0,209.0,4809.1,8803.5,266170.2
OR12-TS-2012.0002,OR,36.0,155.0,5090.9,8137.3,642003.0
OR12-TS-2012.0005,OR,36.0,194.0,4257.2,7251.8,488963.05
OR12-TS-2012.0030,OR,36.0,79.0,899.0,1708.0,35533.0
ORB00-TS-2013.0001,OR,12.0,271.0,231.0,376.5,7068.6
ORB00-TS-2013.0002,OR,12.0,66.0,171.0,278.7,5882.4
ORC00-TS-2012.0003,OR,36.0,228.0,4200.9,7488.4,281017.1
ORC00-TS-2012.0004,OR,12.0,29.0,1206.2,2195.1,207899.4
ORC00-TS-2012.0006,OR,36.0,166.0,3452.8,5914.6,245318.7
ORC00-TS-2012.0033,OR,36.0,121.0,2627.0,4714.0,200239.8
ORC00-TS-2012.0034,OR,36.0,175.0,5534.1,9931.4,406938.9
ORC00-TS-2012.0035,OR,36.0,127.0,6140.0,10008.2,561990.8
ORC00-TS-2012.0036,OR,36.0,61.0,1654.0,3000.6,110286.4
ORC00-TS-2012.0200,OR,24.0,2.0,36.7,59.9,7839.4
ORC00-TS-2012.0333,OR,6.0,32.0,88.0,143.4,3727.3
ORC00-TS-2013.0001,OR,36.0,271.0,8557.7,13949.1,1404785.0
ORC00-TS-2013.0002,OR,36.0,181.0,3379.0,5507.8,577600.4
ORC00-TS-2013.0003,OR,36.0,238.0,4014.3,6543.3,582759.7
ORC00-TS-2013.0004,OR,36.0,190.0,4619.2,7529.3,589491.0
ORC00-TS-2013.0030,OR,36.0,132.0,2640.0,4303.2,339733.5
ORC00-TS-2013.0031,OR,36.0,349.0,7117.0,11600.7,981413.7
ORC00-TS-2013.0032,OR,36.0,233.0,4657.0,7590.9,437631.0
ORC00-TS-2013.0034,OR,24.0,92.0,2127.0,3467.0,208213.8
ORC00-TS-2013.0035,OR,24.0,34.0,511.6,834.0,58883.3
ORC00-TS-2013.0201,OR,24.0,1.0,20.6,33.6,5258.6
ORC00-TS-2013.0202,OR,24.0,8.0,273.5,445.8,61370.8
ORC00-TS-2013.0301,OR,6.0,1.0,17.0,27.8,2831.0
ORC00-TS-2014.0001,OR,36.0,147.0,2999.5,4889.2,381091.1
ORC00-TS-2014.0004,OR,36.0,189.0,3090.0,5036.7,708132.8
ORC00-TS-2014.0005,OR,36.0,216.0,3838.0,6255.9,783068.6
ORC00-TS-2014.0006,OR,24.0,74.0,1454.9,2371.5,329970.8
ORC00-TS-2014.0007,OR,36.0,159.0,1997.0,3255.1,350279.9
ORC00-TS-2014.0009,OR,2.0,0.0,8.5,13.9,3374.5
ORC00-TS-2014.0010,OR,2.0,0.0,14.0,22.8,4710.0
ORC00-TS-2014.0030,OR,36.0,215.0,3222.0,5251.9,296686.0
ORC00-TS-2014.0032,OR,36.0,179.0,3228.0,5261.6,338227.4
ORC00-TS-2014.0033,OR,36.0,348.0,8812.0,14363.6,1812972.4
ORC00-TS-2014.0034,OR,36.0,195.0,4709.0,7675.7,466270.8
ORC00-TS-2014.0035,OR,36.0,178.0,1761.0,2870.4,175383.9
ORC00-TS-2014.0036,OR,36.0,145.0,2613.0,4259.2,507179.9
ORC00-TS-2014.0201,OR,24.0,10.0,249.4,406.5,113786.6
ORC00-TS-2014.0202,OR,24.0,5.0,74.7,121.8,18455.1
ORC00-TS-2014.0204,OR,24.0,1.0,22.4,36.5,6055.2
ORC00-TS-2014.0205,OR,24.0,1.0,13.7,22.3,2935.1
ORC00-TS-2014.0206,OR,24.0,1.0,43.4,70.7,11590.6
ORC00-TS-2014.0207,OR,24.0,1.0,28.2,46.0,7791.0
ORC00-TS-2014.0208,OR,24.0,14.0,262.1,427.2,77002.3
ORC00-TS-2014.0230,OR,4.0,5.0,63.5,103.5,22816.42
ORC00-TS-2014.0231,OR,2.0,1.0,18.8,30.6,4262.2
ORC00-TS-2014.0301,OR,7.0,17.0,251.5,409.9,17431.0
ORC00-TS-2014.0302,OR,12.0,1.5,57.2,93.2,19869.2
ORC00-TS-2014.0303,OR,24.0,1.0,36.0,58.7,10764.0
ORC00-TS-2014.0304,OR,24.0,1.0,38.0,61.9,12332.0
ORC00-TS-2015.0001,OR,36.0,266.0,5945.0,9690.4,1202838.9
ORC00-TS-2015.0002,OR,36.0,85.0,3137.0,5113.3,880519.1
ORC00-TS-2015.0003,OR,36.0,133.0,2414.0,3934.8,604736.2
ORC00-TS-2015.0004,OR,36.0,257.0,5662.0,9229.1,1779045.0
ORC00-TS-2015.0030,OR,36.0,198.0,2802.0,4567.3,566185.8
ORC00-TS-2015.0031,OR,24.0,186.0,1510.0,2461.3,351397.0
ORC00-TS-2015.0032,OR,36.0,149.0,2328.0,3794.6,280753.1
ORC00-TS-2015.0033,OR,36.0,182.0,1946.0,3172.0,285392.8
ORC00-TS-2015.0201,OR,12.0,2.0,26.7,43.5,9045.8
ORC00-TS-2015.0202,OR,6.0,1.0,18.0,29.3,3105.0
ORC00-TS-2015.0203,OR,12.0,1.0,50.3,82.0,19304.4
ORC00-TS-2015.0230,OR,12.0,2.5,66.1,107.7,19564.72
ORC00-TS-2015.0231,OR,12.0,2.0,47.0,76.6,10981.55
ORC00-TS-2015.0301,OR,6.0,1.0,16.0,26.1,4240.0
ORC00-TS-2015.0302,OR,12.0,2.0,22.4,36.5,11819.2
ORC00-TS-2015.0305,OR,12.0,1.0,14.4,23.5,3865.1
ORC00-TS-2015.0306,OR,12.0,2.0,113.0,184.2,29914.5
ORC00-TS-2015.0307,OR,12.0,1.0,12.0,19.6,3616.0
ORC00-TS-2015.0308,OR,6.0,1.0,12.2,19.9,5904.5
ORC00-TS-2015.0309,OR,12.0,1.0,35.8,58.4,8076.0
ORC00-TS-2016.0001,OR,36.0,166.0,2751.0,4484.1,647276.6
ORC00-TS-2016.0002,OR,36.0,389.0,6996.0,11403.5,1880554.1
ORC00-TS-2016.0003,OR,36.0,335.0,6859.0,11180.2,823151.8
ORC00-TS-2016.0004,OR,36.0,130.0,2600.0,4238.0,325295.9
ORC00-TS-2016.0006,OR,12.0,31.0,210.0,342.3,29611.6
ORC00-TS-2016.0030,OR,36.0,218.0,3645.0,5941.4,280881.6
ORC00-TS-2016.0031,OR,24.0,55.0,1152.0,1877.8,240393.2
ORC00-TS-2016.0032,OR,9.0,10.0,81.0,132.0,12555.4
ORC00-TS-2016.0033,OR,36.0,173.0,2742.0,4469.5,189580.4
ORC00-TS-2016.0035,OR,36.0,191.0,3812.0,6213.6,769414.5
ORC00-TS-2016.0201,OR,18.0,1.0,26.0,42.4,8240.5
ORC00-TS-2016.0202,OR,18.0,2.0,47.5,77.4,16309.7
ORC00-TS-2016.0203,OR,18.0,1.0,24.7,40.3,7246.1
ORC00-TS-2016.0204,OR,18.0,1.0,53.4,87.0,16740.7
ORC00-TS-2016.0205,OR,18.0,4.0,47.6,77.6,16591.1
ORC00-TS-2016.0206,OR,18.0,4.0,114.2,186.1,38813.8
ORC00-TS-2016.0207,OR,12.0,1.0,32.0,52.2,6560.0
ORC00-TS-2016.0208,OR,18.0,3.0,31.4,51.2,9816.6
ORC00-TS-2016.0209,OR,18.0,4.0,70.0,114.1,23548.9
ORC00-TS-2016.0230,OR,12.0,1.0,105.3,171.6,31966.9
ORC00-TS-2016.0231,OR,12.0,2.0,38.3,62.4,10982.7
ORC00-TS-2016.0301,OR,12.0,1.0,10.2,16.6,3028.1
ORC00-TS-2016.0302,OR,12.0,1.0,117.0,190.7,37369.5
ORC00-TS-2016.0303,OR,12.0,2.0,40.3,65.7,13461.9
ORC00-TS-2016.0304,OR,6.0,1.0,14.7,24.0,4899.0
ORC00-TS-2016.0305,OR,6.0,1.0,11.0,17.9,3091.0
ORC00-TS-2016.0306,OR,1.0,1.0,45.0,73.4,26460.0
ORC00-TS-2016.0307,OR,6.0,1.0,17.0,27.7,2856.0
ORC00-TS-2016.0308,OR,6.0,1.0,22.5,36.7,5362.5
ORC00-TS-2016.0309,OR,6.0,1.0,30.5,49.7,9700.0
ORC00-TS-2016.0310,OR,6.0,2.0,24.4,39.8,6539.2
ORC00-TS-2016.0311,OR,12.0,2.0,12.0,19.6,5880.0
ORC00-TS-2016.0312,OR,6.0,1.0,40.4,65.9,13572.0
ORC00-TS-2016.0330,OR,12.0,2.0,23.2,37.8,3678.6
ORC00-TS-2017.0001,OR,36.0,74.0,1436.0,2340.7,423938.0
ORC00-TS-2017.0002,OR,36.0,170.0,3293.0,5367.6,806793.3
ORC00-TS-2017.0003,OR,36.0,187.0,3916.0,6383.1,824303.4
ORC00-TS-2017.0004,OR,36.0,50.0,1000.0,1630.0,125852.2
ORC00-TS-2017.0005,OR,36.0,275.0,3557.0,5797.9,301481.2
ORC00-TS-2017.0030,OR,36.0,69.0,4196.0,6839.5,323074.8
ORC00-TS-2017.0031,OR,36.0,101.0,5605.0,9136.2,1342859.6
ORC00-TS-2017.0032,OR,36.0,114.0,2895.0,4718.9,347186.9
ORC00-TS-2017.0033,OR,24.0,26.0,1228.0,2001.6,133347.8
ORC00-TS-2017.0203,OR,24.0,2.0,49.5,80.7,16608.0
ORC00-TS-2017.0204,OR,18.0,4.0,19.6,31.9,6502.6
ORC00-TS-2017.0205,OR,18.0,1.0,24.0,39.1,8277.0
ORC00-TS-2017.0206,OR,18.0,2.0,77.0,125.5,29106.0
ORC00-TS-2017.0207,OR,18.0,1.0,10.0,16.3,3870.0
ORC00-TS-2017.0208,OR,18.0,2.0,82.5,134.5,31194.0
ORC00-TS-2017.0209,OR,12.0,1.0,13.1,21.4,3814.4
ORC00-TS-2017.0230,OR,12.0,5.0,288.5,470.3,97055.4
ORC00-TS-2017.0231,OR,12.0,3.0,15.5,25.3,2975.5
ORC00-TS-2017.0232,OR,12.0,1.0,15.0,24.5,3420.0
ORC00-TS-2017.0301,OR,12.0,2.0,44.0,71.7,4488.0
ORC00-TS-2018.0001,OR,36.0,238.0,3228.0,5261.6,451447.2
ORC00-TS-2018.0002,OR,36.0,499.0,9053.0,14756.4,1963978.3
ORC00-TS-2018.0003,OR,36.0,326.0,7476.0,12185.9,1010760.1
ORC00-TS-2018.0004,OR,36.0,169.0,4577.0,7460.5,1124445.6
ORC00-TS-2018.0005,OR,36.0,211.0,4003.0,6524.9,214884.2
ORC00-TS-2018.0030,OR,36.0,131.0,3092.0,5040.0,442855.3
ORC00-TS-2018.0031,OR,36.0,142.0,1969.0,3209.5,239712.4
ORC00-TS-2018.0033,OR,36.0,161.0,3032.0,4942.2,416393.1
ORC00-TS-2018.0035,OR,18.0,47.0,838.0,1365.9,57135.4
ORC00-TS-2018.0036,OR,18.0,141.0,2001.0,3261.6,198499.2
ORC00-TS-2018.0201,OR,18.0,3.0,64.4,105.0,27620.6
ORC00-TS-2018.0202,OR,18.0,3.0,42.0,68.5,18858.0
ORC00-TS-2018.0203,OR,18.0,1.0,27.0,44.0,7210.0
ORC00-TS-2018.0204,OR,12.0,1.0,7.0,11.4,4725.0
ORC00-TS-2018.0205,OR,18.0,2.0,55.3,90.1,17915.3
ORC00-TS-2018.0206,OR,18.0,2.0,18.1,29.5,7387.7
ORC00-TS-2018.0207,OR,18.0,1.0,14.4,23.5,7141.8
ORC00-TS-2018.0208,OR,18.0,6.0,301.0,490.6,150408.0
ORC00-TS-2018.0209,OR,18.0,1.0,20.8,33.9,8345.6
ORC00-TS-2018.0210,OR,18.0,1.0,7.2,11.7,3303.9
ORC00-TS-2018.0211,OR,18.0,2.0,92.1,150.1,43436.1
ORC00-TS-2018.0212,OR,18.0,3.0,83.2,135.6,41580.0
ORC00-TS-2018.0213,OR,18.0,1.0,13.8,22.5,5948.9
ORC00-TS-2018.0230,OR,12.0,13.0,69.0,112.5,5840.05
ORC00-TS-2018.0231,OR,12.0,1.0,19.0,31.0,4281.0
ORC00-TS-2018.0232,OR,18.0,0.3,14.1,23.0,3409.5
ORC00-TS-2018.0302,OR,6.0,1.0,14.0,22.8,6790.0
ORC03-TS-2012.0007,OR,36.0,338.0,7920.6,14133.1,370002.0
ORC03-TS-2013.0304,OR,3.0,0.0,42.7,69.6,14378.7
ORC03-TS-2019.0001,OR,36.0,196.0,4656.0,7589.3,494500.0
ORC03-TS-2019.0004,OR,36.0,264.0,5488.0,8945.4,355004.6
ORC03-TS-2019.0006,OR,12.0,1.0,269.0,438.5,67987.6
ORC03-TS-2019.0201,OR,18.0,2.0,45.0,73.4,10560.0
ORC03-TS-2019.0202,OR,6.0,2.0,19.3,31.5,3540.6
ORC03-TS-2019.0203,OR,18.0,2.0,72.0,117.4,19224.0
ORC03-TS-2019.0204,OR,18.0,1.0,15.5,25.3,701.6
ORC03-TS-2019.0206,OR,18.0,1.0,88.2,143.8,23026.8
ORC03-TS-2019.0207,OR,18.0,1.0,71.8,117.0,18229.2
ORC03-TS-2019.0208,OR,18.0,1.0,141.6,230.8,33237.0
ORC03-TS-2019.0209,OR,18.0,1.0,33.0,53.8,6311.5
ORC03-TS-2019.0210,OR,18.0,1.0,33.0,53.8,6717.0
ORC03-TS-2019.0211,OR,18.0,2.0,15.0,24.5,2910.0
ORC03-TS-2019.0212,OR,18.0,3.0,52.9,86.2,14321.9
ORC03-TS-2019.0213,OR,18.0,2.0,74.6,121.6,22208.0
ORC03-TS-2019.0214,OR,18.0,1.0,18.5,30.2,3164.5
ORC03-TS-2019.0216,OR,18.0,1.0,34.6,56.4,10206.6
ORC03-TS-2019.0301,OR,24.0,2.0,46.0,75.0,4702.0
ORC03-TS-2019.0302,OR,18.0,2.0,50.0,81.5,4100.0
ORC03-TS-2019.0304,OR,6.0,2.0,22.0,35.9,1162.0
ORC03-TS-2019.0306,OR,12.0,5.0,9.7,15.8,546.51
ORC04-TS-2013.0033,OR,36.0,175.0,3367.0,5488.2,406894.0
ORC04-TS-2013.0332,OR,36.0,4.0,138.0,224.9,25092.7
ORC04-TS-2014.0031,OR,36.0,255.0,4879.0,7952.8,613385.0
ORC04-TS-2019.0030,OR,36.0,141.0,4895.0,7978.9,799840.0
ORC04-TS-2019.0031,OR,36.0,61.0,1113.0,1814.2,76162.7
ORC04-TS-2019.0032,OR,36.0,69.0,1749.0,2850.9,190970.7
ORC04-TS-2019.0033,OR,36.0,40.0,1953.0,3183.4,291419.9
ORC04-TS-2019.0034,OR,36.0,35.0,1826.0,2976.4,370499.6
ORC04-TS-2019.0035,OR,36.0,72.0,2251.0,3669.1,358152.0
ORC04-TS-2019.0230,OR,18.0,1.0,18.1,29.5,3692.2
ORE05-TS-2012.0500,OR,36.0,267.0,5943.5,10559.4,951048.7
ORE05-TS-2012.0501,OR,36.0,167.0,2422.3,4485.8,316672.0
ORE05-TS-2012.0502,OR,36.0,153.0,4327.7,7079.0,931579.7
ORE05-TS-2012.0503,OR,36.0,124.0,2193.4,3806.2,416974.5
ORE05-TS-2012.0505,OR,24.0,83.0,1770.0,3080.6,313823.0
ORE05-TS-2012.0598,OR,36.0,240.6,4654.4,8077.9,995446.0
ORE05-TS-2013.0506,OR,36.0,155.0,2914.0,4749.8,839232.0
ORE05-TS-2013.0508,OR,36.0,286.0,5597.0,9123.1,1565815.0
ORE05-TS-2013.0509,OR,24.0,57.0,962.0,1568.1,212814.0
ORE05-TS-2013.0514,OR,36.0,101.0,1816.0,2960.1,423044.0
ORE05-TS-2013.0524,OR,12.0,32.0,436.0,710.6,51100.0
ORE05-TS-2013.0526,OR,3.0,3.2,91.0,148.3,17563.0
ORE05-TS-2013.0527,OR,3.0,1.0,19.0,31.0,4790.5
ORE05-TS-2013.0571,OR,36.0,280.0,3771.6,6147.7,310489.6
ORE05-TS-2013.0586,OR,36.0,374.0,9879.8,16104.1,2847882.0
ORE05-TS-2014.0504,OR,18.0,40.0,495.0,806.9,64395.3
ORE05-TS-2014.0507,OR,36.0,108.0,2639.0,4301.6,881426.0
ORE05-TS-2014.0517,OR,24.0,55.0,713.0,1162.2,250263.0
ORE05-TS-2014.0518,OR,24.0,85.0,1004.0,1636.5,249526.0
ORE05-TS-2014.0520,OR,36.0,296.0,6227.0,10150.0,1997004.0
ORE05-TS-2014.0521,OR,36.0,307.0,8713.0,14202.2,4008560.9
ORE05-TS-2014.0525,OR,36.0,403.0,5995.0,9771.9,973214.0
ORE05-TS-2014.0531,OR,6.0,2.0,110.7,180.4,21200.0
ORE05-TS-2014.0532,OR,6.0,1.0,50.0,81.5,13400.0
ORE05-TS-2014.0533,OR,6.0,10.0,26.9,43.8,4043.0
ORE05-TS-2014.0534,OR,6.0,7.1,173.3,282.5,54425.35
ORE05-TS-2014.0597,OR,36.0,161.0,2644.0,4309.7,732652.0
ORE05-TS-2015.0519,OR,24.0,41.0,467.0,761.2,152755.7
ORE05-TS-2015.0523,OR,36.0,167.0,3762.0,6132.1,1194558.0
ORE05-TS-2015.0526,OR,24.0,88.0,1645.0,2681.4,471378.0
ORE05-TS-2015.0528,OR,36.0,153.0,2402.0,3915.3,711773.0
ORE05-TS-2015.0529,OR,36.0,297.0,5266.0,8583.6,1587505.2
ORE05-TS-2015.0535,OR,3.0,1.8,56.0,91.3,16352.0
ORE05-TS-2015.0537,OR,4.0,17.0,472.0,769.4,61832.0
ORE05-TS-2015.0543,OR,6.0,5.0,195.0,317.9,47263.0
ORE05-TS-2015.0544,OR,6.0,2.0,95.5,155.7,24780.8
ORE05-TS-2015.0549,OR,6.0,1.5,72.0,117.4,18460.8
ORE05-TS-2016.0522,OR,36.0,114.0,2340.0,3814.2,919129.0
ORE05-TS-2016.0527,OR,36.0,173.1,3570.0,5819.1,978645.7
ORE05-TS-2016.0538,OR,36.0,100.9,2058.0,3354.5,392603.0
ORE05-TS-2016.0539,OR,36.0,90.8,1715.0,2795.5,474775.0
ORE05-TS-2016.0540,OR,36.0,165.9,2815.0,4588.5,807360.0
ORE05-TS-2016.0545,OR,36.0,296.1,5174.0,8433.6,1470430.9
ORE05-TS-2016.0550,OR,3.0,1.0,17.9,29.2,4186.0
ORE05-TS-2016.0551,OR,6.0,2.0,24.0,39.1,6240.0
ORE05-TS-2016.0552,OR,3.0,1.0,10.0,16.3,3189.0
ORE05-TS-2016.0553,OR,3.0,0.2,9.8,16.0,3027.78
ORE05-TS-2016.0554,OR,18.0,5.0,83.1,135.5,21433.05
ORE05-TS-2016.0555,OR,12.0,1.7,18.6,30.3,5064.65
ORE05-TS-2016.0556,OR,12.0,4.0,50.0,81.5,13210.0
ORE06-TS-2012.0648,OR,36.0,245.0,4183.3,7448.7,549104.5
ORE06-TS-2012.0651,OR,36.0,148.0,2044.2,3777.4,280419.0
ORE06-TS-2012.0654,OR,36.0,370.0,6687.0,10899.8,230103.4
ORE06-TS-2012.0658,OR,36.0,581.0,8400.0,15368.0,499399.7
ORE06-TS-2012.0659,OR,36.0,291.0,5010.0,8875.4,518781.4
ORE06-TS-2013.0649,OR,36.0,398.0,5039.8,8214.9,648243.0
ORE06-TS-2013.0656,OR,36.0,107.0,615.0,1002.5,91680.0
ORE06-TS-2013.0657,OR,36.0,368.0,4004.5,6527.3,506995.7
ORE06-TS-2013.0661,OR,36.0,364.0,5879.9,9584.2,1365003.3
ORE06-TS-2013.0662,OR,36.0,344.0,5236.0,8534.7,1087617.2
ORE06-TS-2013.0663,OR,36.0,287.0,3901.1,6358.8,645625.6
ORE06-TS-2013.0666,OR,6.0,6.5,173.8,283.3,42407.77
ORE06-TS-2013.0667,OR,3.0,1.0,31.8,51.8,7656.66
ORE06-TS-2013.0668,OR,3.0,2.0,49.2,80.2,11370.94
ORE06-TS-2013.0669,OR,3.0,1.0,33.3,54.3,7987.84
ORE06-TS-2013.0670,OR,36.0,340.0,4980.3,8117.9,720863.0
ORE06-TS-2014.0664,OR,36.0,400.0,3951.0,6440.1,434528.6
ORE06-TS-2014.0671,OR,36.0,163.0,2411.0,3929.9,718445.0
ORE06-TS-2014.0672,OR,36.0,257.0,3208.0,5229.0,384298.3
ORE06-TS-2014.0674,OR,36.0,269.0,12430.0,20260.9,4248837.0
ORE06-TS-2014.0676,OR,6.0,1.0,15.0,24.5,3757.5
ORE06-TS-2014.0691,OR,6.0,1.0,36.7,59.8,11491.2
ORE06-TS-2015.0673,OR,36.0,414.0,6379.0,10397.8,1244189.5
ORE06-TS-2015.0677,OR,36.0,239.0,3604.0,5874.5,768895.0
ORE06-TS-2015.0678,OR,36.0,365.0,6778.0,11048.1,1721675.5
ORE06-TS-2015.0692,OR,6.0,1.0,62.9,102.5,14168.95
ORE06-TS-2015.0694,OR,6.0,1.0,30.0,48.9,7524.0
ORE06-TS-2015.0695,OR,6.0,1.0,21.8,35.5,5431.52
ORE06-TS-2016.0682,OR,18.0,182.0,2830.0,4612.9,538678.0
ORE06-TS-2016.0686,OR,36.0,245.0,4349.0,7088.9,994228.0
ORE06-TS-2016.0687,OR,36.0,193.0,3980.0,6487.4,1185954.6
ORE06-TS-2016.0688,OR,36.0,156.0,3178.0,5180.1,823314.0
ORE06-TS-2016.0690,OR,36.0,99.0,1818.0,2963.3,384036.0
ORE06-TS-2016.0693,OR,36.0,49.0,2769.0,4513.5,140779.5
ORE06-TS-2016.0697,OR,6.0,2.7,44.4,72.4,10504.34
ORL04-TS-2012.0001,OR,30.0,790.0,1266.0,2520.0,37848.9
ORL04-TS-2012.0002,OR,18.0,327.0,615.9,1091.0,33065.6
ORL04-TS-2012.0003,OR,30.0,250.0,1796.0,3469.5,57825.5
ORL04-TS-2012.0004,OR,26.0,675.0,2970.0,5598.8,101572.6
ORL04-TS-2013.0001,OR,36.0,1225.0,1674.0,2728.6,48211.2
ORL04-TS-2013.0002,OR,36.0,1127.0,3525.0,5745.8,288019.0
ORL04-TS-2014.0001,OR,28.0,571.0,1488.0,2425.4,108997.8
ORL04-TS-2015.0001,OR,20.0,683.0,5638.0,9189.9,372694.9
ORL04-TS-2015.0002,OR,20.0,646.0,5016.0,8176.1,713509.6
ORL04-TS-2016.0001,OR,24.0,669.0,2648.0,4316.2,377309.7
ORL04-TS-2016.0003,OR,6.0,204.0,193.0,314.6,9001.0
ORL04-TS-2016.0004,OR,24.0,85.0,1403.0,2286.9,363228.7
ORL04-TS-2018.0001,OR,36.0,400.0,4459.0,7268.2,1154706.5
ORL04-TS-2019.0001,OR,36.0,390.0,5851.0,9537.1,1349330.6
ORM00-TS-2019.0014,OR,36.0,367.0,5145.0,8386.4,231148.7
ORM05-TS-2012.0022,OR,36.0,483.0,6831.0,11642.9,553553.1
ORM05-TS-2013.0005,OR,36.0,576.0,4185.0,6821.6,1011738.1
ORM05-TS-2013.0009,OR,36.0,487.0,4065.0,6626.0,1404931.7
ORM05-TS-2014.0001,OR,3.0,3.0,45.5,74.2,12603.2
ORM05-TS-2014.0008,OR,36.0,326.0,4784.0,7797.9,507466.4
ORM05-TS-2014.0009,OR,36.0,477.0,3110.0,5069.3,788939.8
ORM05-TS-2015.0002,OR,12.0,24.0,138.0,224.9,22243.4
ORM05-TS-2015.0005,OR,1.0,2.0,34.0,55.4,11507.08
ORM05-TS-2015.0012,OR,36.0,714.0,6946.0,11322.0,714200.3
ORM05-TS-2015.0013,OR,6.0,0.0,51.7,84.3,15407.23
ORM05-TS-2015.0019,OR,6.0,2.0,27.1,44.2,6299.03
ORM05-TS-2016.0004,OR,6.0,2.0,30.6,49.9,7617.7
ORM05-TS-2016.0006,OR,36.0,303.0,1950.0,3178.5,471696.7
ORM05-TS-2016.0010,OR,12.0,17.0,51.9,84.6,8025.36
ORM05-TS-2016.0011,OR,36.0,387.0,4275.0,6968.3,759001.9
ORM05-TS-2016.0012,OR,36.0,750.0,5457.0,8894.9,1560764.5
ORM05-TS-2016.0015,OR,36.0,579.0,4886.0,7964.2,776221.7
ORM05-TS-2017.0001,OR,36.0,144.0,1099.0,1791.4,197799.6
ORM05-TS-2017.0003,OR,6.0,1.0,43.0,70.1,13123.6
ORM05-TS-2017.0005,OR,36.0,692.0,5949.0,9696.9,801752.8
ORM05-TS-2017.0008,OR,6.0,1.6,38.2,62.3,12836.11
ORM05-TS-2017.0014,OR,6.0,1.0,16.8,27.4,6289.6
ORM05-TS-2018.0010,OR,36.0,271.0,3736.0,6089.7,1372388.4
ORM05-TS-2018.0016,OR,36.0,100.0,1353.0,2205.4,376412.2
ORM05-TS-2018.0019,OR,6.0,1.0,9.4,15.3,2878.63
ORM06-TS-2013.0001,OR,36.0,348.0,3738.4,6093.6,329188.5
ORM06-TS-2013.0003,OR,36.0,57.0,1023.0,1667.5,178206.6
ORM06-TS-2013.0010,OR,36.0,217.0,1289.0,2101.1,208818.0
ORM06-TS-2015.0001,OR,36.0,613.0,3355.0,5468.7,856670.8
ORM06-TS-2015.0004,OR,24.0,629.0,6339.0,10332.6,868792.1
ORM06-TS-2015.0010,OR,7.0,50.0,62.0,101.1,8972.9
ORM06-TS-2015.0011,OR,1.0,6.0,32.0,52.2,2710.6
ORM06-TS-2015.0016,OR,36.0,932.0,9935.0,16194.1,2086933.8
ORM06-TS-2015.0018,OR,2.0,82.0,84.0,136.9,32450.82
ORM06-TS-2016.0003,OR,12.0,77.0,38.5,62.8,7751.82
ORM06-TS-2016.0014,OR,18.0,82.0,121.0,197.2,4098.28
ORM06-TS-2017.0010,OR,12.0,20.0,194.4,316.9,12808.24
ORM06-TS-2017.0012,OR,12.0,200.0,1023.0,1667.5,67722.6
ORM06-TS-2018.0004,OR,6.0,10.0,200.0,326.0,16407.9
ORM06-TS-2018.0015,OR,36.0,860.0,8970.0,14621.1,2004798.6
ORM07-TS-2011.0010,OR,24.0,1.0,14.0,24.0,3906.42
ORM07-TS-2012.0010,OR,36.0,85.0,1063.0,1865.0,184043.7
ORM07-TS-2012.0012,OR,36.0,383.0,6920.0,12787.0,931877.3
ORM07-TS-2012.0015,OR,36.0,58.0,337.2,635.7,44006.9
ORM07-TS-2012.0020,OR,24.0,3.0,105.0,171.1,26256.3
ORM07-TS-2012.0021,OR,24.0,1.0,16.6,27.1,3736.2
ORM07-TS-2013.0002,OR,36.0,97.0,1196.0,1949.5,217672.0
ORM07-TS-2013.0004,OR,36.0,155.0,2233.0,3639.8,481607.4
ORM07-TS-2013.0006,OR,36.0,154.0,2381.0,3881.0,478075.0
ORM07-TS-2013.0007,OR,36.0,277.0,3026.0,4932.4,414529.8
ORM07-TS-2013.0011,OR,12.0,1.0,15.0,24.5,5808.0
ORM07-TS-2013.0013,OR,12.0,1.0,8.0,13.0,3039.84
ORM07-TS-2013.0014,OR,12.0,1.0,21.4,34.9,7314.56
ORM07-TS-2014.0002,OR,36.0,1.0,206.7,336.9,74932.1
ORM07-TS-2014.0003,OR,36.0,11.0,40.0,65.2,12742.5
ORM07-TS-2014.0004,OR,36.0,17.0,232.9,379.6,46759.3
ORM07-TS-2014.0005,OR,18.0,137.0,3077.0,5015.5,715868.1
ORM07-TS-2014.0006,OR,12.0,1.0,33.0,53.8,10590.43
ORM07-TS-2014.0007,OR,12.0,1.0,9.0,14.7,3227.13
ORM07-TS-2014.0010,OR,12.0,1.0,29.1,47.4,6784.7
ORM07-TS-2014.0011,OR,24.0,389.0,9463.0,15424.7,796564.4
ORM07-TS-2014.0012,OR,24.0,453.0,12073.0,19679.0,1180205.4
ORM07-TS-2014.0013,OR,24.0,339.0,8821.0,14378.2,864571.4
ORM07-TS-2014.0017,OR,12.0,20.0,309.0,503.7,99221.4
ORM07-TS-2014.0018,OR,12.0,1.0,29.1,47.4,9702.83
ORM07-TS-2014.0019,OR,12.0,2.0,89.6,146.0,26969.53
ORM07-TS-2014.0020,OR,12.0,18.0,661.8,1078.7,156713.73
ORM07-TS-2014.0021,OR,12.0,1.0,27.2,44.3,5706.21
ORM07-TS-2014.0022,OR,12.0,1.0,23.5,38.3,5517.42
ORM07-TS-2015.0003,OR,36.0,573.0,8458.0,13786.5,1799440.2
ORM07-TS-2015.0006,OR,12.0,28.0,602.0,981.3,69119.2
ORM07-TS-2015.0014,OR,12.0,1.0,17.9,29.2,4626.06
ORM07-TS-2015.0015,OR,12.0,1.0,24.0,39.1,8274.33
ORM07-TS-2015.0022,OR,12.0,3.0,97.9,159.6,27526.17
ORM07-TS-2016.0001,OR,36.0,750.0,8396.0,13685.5,1628611.6
ORM07-TS-2016.0013,OR,36.0,490.0,4771.0,7776.7,400519.7
ORM07-TS-2016.0017,OR,12.0,1.0,12.0,19.6,3591.48
ORM07-TS-2017.0002,OR,36.0,708.0,8150.0,13284.5,1685906.8
ORM07-TS-2017.0004,OR,12.0,2.0,42.0,68.5,13607.03
ORM07-TS-2017.0007,OR,36.0,318.0,3580.0,5835.4,697538.0
ORM07-TS-2017.0013,OR,12.0,1.0,23.0,37.5,6739.82
ORM07-TS-2018.0002,OR,36.0,62.0,276.0,449.9,13558.7
ORM07-TS-2018.0003,OR,24.0,54.0,453.0,738.4,144987.0
ORM07-TS-2018.0006,OR,36.0,118.0,828.0,1349.6,47865.2
ORM07-TS-2018.0014,OR,12.0,1.0,27.9,45.5,11772.61
ORM07-TS-2018.0016,OR,12.0,1.0,13.5,22.0,3554.18
ORM07-TS-2019.0002,OR,36.0,54.0,549.0,894.9,74520.8
ORM07-TS-2019.0003,OR,24.0,70.0,929.0,1514.3,44028.0
ORM07-TS-2019.0005,OR,2.0,0.9,82.6,134.6,19662.5
ORM07-TS-2019.0006,OR,12.0,28.0,532.0,867.2,25483.6
ORM07-TS-2019.0015,OR,12.0,1.0,6.0,9.8,2739.24
ORM07-TS-2019.0018,OR,12.0,1.0,10.0,16.3,2902.8
ORM07-TS-2019.0019,OR,12.0,25.0,1456.0,2373.3,71720.0
ORM07-TS-2019.0020,OR,12.0,124.0,2676.0,4361.9,77749.9
ORM07-TS-2019.0022,OR,12.0,65.0,1305.0,2127.2,59077.1
ORM07-TS-2019.0024,OR,36.0,926.0,13644.0,22239.7,721587.7
ORM07-TS-2019.0026,OR,1.0,1.25,110.0,179.3,27232.5
ORM07-TS-2019.0027,OR,12.0,49.0,867.0,1413.2,115678.9
ORN01-TS-2017.0101,OR,36.0,49.0,1911.0,3114.9,477083.0
ORN01-TS-2017.0102,OR,36.0,57.0,1581.0,2577.0,509793.6
ORN01-TS-2017.0103,OR,36.0,60.0,3478.0,5669.1,2035006.0
ORN01-TS-2017.0104,OR,36.0,135.0,4485.0,7310.6,1613766.9
ORN01-TS-2017.0105,OR,12.0,1.0,21.0,34.2,6545.7
ORN01-TS-2017.0106,OR,12.0,3.0,35.0,57.1,12657.65
ORN01-TS-2018.0101,OR,12.0,1.0,18.0,29.3,7976.55
ORN01-TS-2018.0102,OR,12.0,1.0,34.0,55.4,11736.8
ORN01-TS-2018.0103,OR,36.0,234.0,6353.0,10355.4,2974409.8
ORN01-TS-2018.0104,OR,2.0,80.0,306.0,498.8,22809.8
ORN01-TS-2018.0105,OR,36.0,247.0,9587.0,15626.8,3534560.3
ORN01-TS-2018.0107,OR,12.0,1.0,20.0,32.6,9146.6
ORN01-TS-2018.0108,OR,12.0,12.0,75.5,123.1,28805.8
ORN01-TS-2018.0109,OR,12.0,1.0,54.0,88.0,25169.4
ORN01-TS-2019.0101,OR,36.0,242.0,10901.0,17768.6,4081039.9
ORN01-TS-2019.0102,OR,36.0,163.0,5494.0,8955.2,1808476.8
ORN01-TS-2019.0103,OR,36.0,330.0,13550.0,22086.5,3826622.3
ORN01-TS-2019.0105,OR,36.0,25.0,1740.0,2836.2,740430.0
ORN01-TS-2019.0106,OR,2.0,80.0,198.0,322.7,17037.9
ORN01-TS-2019.0107,OR,12.0,1.0,32.0,52.2,10430.9
ORN02-TS-2017.0201,OR,36.0,204.0,6238.0,10167.9,1334933.7
ORN02-TS-2017.0202,OR,12.0,2.0,21.0,34.2,4286.1
ORN02-TS-2017.0203,OR,36.0,375.0,5692.0,9278.0,770223.7
ORN02-TS-2017.0204,OR,12.0,1.0,18.3,29.8,2989.45
ORN02-TS-2017.0205,OR,36.0,120.0,2381.0,3881.0,757316.3
ORN02-TS-2017.0206,OR,12.0,5.0,177.0,288.5,53367.8
ORN02-TS-2017.0208,OR,6.0,2.0,61.0,99.4,19708.8
ORN02-TS-2018.0201,OR,36.0,407.0,12178.0,19850.1,4232861.9
ORN02-TS-2018.0202,OR,36.0,138.0,3096.0,5046.5,832969.5
ORN02-TS-2018.0203,OR,12.0,22.0,300.0,489.0,30000.0
ORN02-TS-2018.0204,OR,12.0,2.0,20.6,33.6,8040.92
ORN02-TS-2018.0206,OR,12.0,1.0,46.0,75.0,14066.8
ORN02-TS-2019.0201,OR,36.0,69.0,1383.0,2254.3,71641.5
ORN02-TS-2019.0202,OR,36.0,342.0,16492.0,26882.0,5100103.5
ORN02-TS-2019.0203,OR,12.0,5.0,250.0,407.5,72271.2
ORN02-TS-2019.0204,OR,18.0,8.0,187.0,304.8,16953.8
ORN02-TS-2019.0205,OR,36.0,203.0,7638.0,12449.9,1954224.9
ORN02-TS-2019.0206,OR,12.0,3.0,35.0,57.1,5222.0
ORN02-TS-2019.0209,OR,12.0,1.0,64.0,104.3,11377.4
ORN03-TS-2017.0300,OR,36.0,100.3,3349.0,5458.9,1301370.0
ORN03-TS-2017.0301,OR,6.0,9.0,137.9,224.8,40172.93
ORN03-TS-2017.0302,OR,36.0,108.0,1685.0,2746.6,345360.4
ORN03-TS-2017.0303,OR,24.0,27.0,787.0,1282.8,253749.2
ORN03-TS-2017.0304,OR,12.0,34.0,757.0,1233.9,171082.0
ORN03-TS-2017.0305,OR,6.0,1.8,21.0,34.2,5134.5
ORN03-TS-2017.0306,OR,36.0,322.0,9874.0,16094.6,4176840.9
ORN03-TS-2017.0309,OR,18.0,2.0,137.0,223.3,39963.0
ORN03-TS-2017.0310,OR,18.0,1.0,22.1,36.0,6873.72
ORN03-TS-2017.0311,OR,36.0,124.0,2641.0,4304.8,805042.1
ORN03-TS-2017.0314,OR,18.0,1.0,24.0,39.1,7238.4
ORN03-TS-2017.0316,OR,18.0,1.0,29.0,47.3,9752.7
ORN03-TS-2017.0318,OR,18.0,1.0,25.0,40.8,7797.5
ORN03-TS-2017.0319,OR,18.0,1.0,54.0,88.0,12565.8
ORN03-TS-2017.0320,OR,18.0,1.0,10.2,16.6,3012.48
ORN03-TS-2017.0321,OR,18.0,1.0,59.0,96.2,22667.8
ORN03-TS-2018.0305,OR,36.0,206.0,3361.0,5478.4,600804.3
ORN03-TS-2018.0307,OR,36.0,82.0,1603.0,2612.9,411723.6
ORN03-TS-2018.0312,OR,36.0,56.0,1123.0,1830.5,282892.5
ORN03-TS-2018.0313,OR,12.0,1.0,108.0,176.0,44161.2
ORN03-TS-2018.0315,OR,36.0,279.3,5989.0,9762.1,1749859.4
ORN03-TS-2018.0317,OR,24.0,132.0,2110.0,3439.3,558099.6
ORN03-TS-2018.0322,OR,36.0,633.9,14347.0,23385.6,6299524.3
ORN03-TS-2018.0323,OR,18.0,1.6,32.0,52.2,10953.6
ORN03-TS-2018.0324,OR,18.0,1.6,9.0,14.7,2718.0
ORN03-TS-2018.0326,OR,36.0,431.0,6449.0,10511.9,1726068.9
ORN03-TS-2019.0308,OR,36.0,203.2,4391.0,7157.3,752600.2
ORN03-TS-2019.0325,OR,36.0,254.9,3435.0,5599.1,181967.3
ORN03-TS-2019.0327,OR,24.0,101.8,6528.0,10640.6,2056024.0
ORN03-TS-2019.0328,OR,18.0,4.0,153.0,249.4,34455.6
ORN03-TS-2019.0331,OR,36.0,472.8,10446.0,17027.0,1644674.1
ORN03-TS-2019.0332,OR,36.0,137.4,3575.0,5827.3,607020.3
ORN03-TS-2019.0333,OR,18.0,4.1,76.0,123.9,18308.4
ORN03-TS-2019.0337,OR,18.0,1.0,54.7,89.2,15912.88
ORN04-TS-2017.0401,OR,36.0,333.0,6121.0,9977.2,2111297.4
ORN04-TS-2017.0402,OR,36.0,246.0,7589.0,12370.1,2455033.3
ORN04-TS-2017.0403,OR,36.0,112.0,3468.0,5652.8,1319618.6
ORN04-TS-2017.0404,OR,36.0,360.0,10066.0,16407.6,4372433.4
ORN04-TS-2018.0401,OR,36.0,209.0,6246.0,10181.0,3506640.3
ORN04-TS-2018.0402,OR,12.0,2.0,105.0,171.2,40854.45
ORN04-TS-2018.0403,OR,36.0,409.0,8425.0,13732.8,4106821.5
ORN04-TS-2018.0404,OR,36.0,226.0,4185.0,6821.6,1365176.7
ORN04-TS-2018.0405,OR,12.0,1.0,51.0,83.1,12632.7
ORN04-TS-2019.0401,OR,36.0,256.0,7139.0,11636.6,2537722.1
ORN04-TS-2019.0402,OR,36.0,297.0,8639.0,14081.6,2252949.7
ORN04-TS-2019.0403,OR,36.0,191.0,5586.0,9105.2,2700899.0
ORN05-TS-2017.0500,OR,36.0,656.0,9345.0,15232.4,2330801.8
ORN05-TS-2017.0501,OR,36.0,259.0,3941.0,6423.8,772365.9
ORN05-TS-2017.0502,OR,36.0,222.0,4544.0,7406.7,1155289.0
ORN05-TS-2017.0503,OR,36.0,156.0,8012.0,13059.6,2716068.0
ORN05-TS-2017.0505,OR,6.0,2.5,91.0,148.3,14714.2
ORN05-TS-2017.0507,OR,36.0,59.0,1570.0,2559.1,525391.2
ORN05-TS-2017.0508,OR,12.0,4.0,155.0,252.7,54078.4
ORN05-TS-2017.0517,OR,6.0,0.3,11.1,18.1,3554.98
ORN05-TS-2018.0504,OR,36.0,67.0,2471.0,4027.7,956277.0
ORN05-TS-2018.0510,OR,3.0,6.0,62.0,101.1,8388.6
ORN05-TS-2018.0513,OR,24.0,92.0,3657.0,5960.9,1093361.8
ORN05-TS-2019.0506,OR,36.0,190.5,8177.6,13329.5,2025969.37
ORN05-TS-2019.0511,OR,36.0,240.0,8058.0,13134.5,2683206.5
ORN05-TS-2019.0514,OR,36.0,93.0,2917.0,4754.7,932947.3
ORN05-TS-2019.0515,OR,36.0,126.5,7794.0,12704.2,2657339.7
ORN05-TS-2019.0516,OR,36.0,228.0,9619.0,15679.0,3472538.6
ORN05-TS-2019.0518,OR,36.0,177.0,5173.0,8432.0,1158933.5
ORN05-TS-2019.0519,OR,12.0,11.0,67.0,109.2,3254.1
ORR04-TS-2011.0005,OR,36.0,233.0,5213.5,9364.3,739069.6
ORR04-TS-2012.0002,OR,36.0,203.0,2594.2,4828.4,276081.5
ORR04-TS-2012.0004,OR,36.0,194.0,2563.9,4793.8,82423.3
ORR04-TS-2012.0006,OR,36.0,198.0,2891.9,5399.8,189677.4
ORR04-TS-2012.0010,OR,36.0,131.0,1485.9,2773.7,159443.2
ORR04-TS-2012.0202,OR,18.0,40.0,145.8,237.7,5730.71
ORR04-TS-2012.0208,OR,18.0,2.0,108.7,177.2,21404.6
ORR04-TS-2012.0212,OR,18.0,47.0,117.5,191.5,4228.1
ORR04-TS-2013.0001,OR,36.0,383.0,7086.6,11551.2,1407554.1
ORR04-TS-2013.0002,OR,36.0,343.0,5732.0,9343.2,1189312.7
ORR04-TS-2013.0003,OR,36.0,234.0,4112.2,6702.9,909207.1
ORR04-TS-2013.0004,OR,36.0,243.0,5613.0,10174.0,888186.5
ORR04-TS-2013.0005,OR,36.0,128.0,2253.7,3673.5,384663.5
ORR04-TS-2013.0006,OR,36.0,173.0,2940.8,4793.5,653848.2
ORR04-TS-2013.0200,OR,18.0,3.0,148.3,241.7,37375.05
ORR04-TS-2013.0201,OR,18.0,1.0,27.0,44.0,8718.3
ORR04-TS-2013.0202,OR,18.0,1.0,26.3,42.9,6689.69
ORR04-TS-2013.0203,OR,18.0,2.0,127.7,208.2,29511.0
ORR04-TS-2013.0204,OR,18.0,1.0,19.2,31.3,6555.26
ORR04-TS-2013.0205,OR,18.0,1.0,21.2,34.6,5695.42
ORR04-TS-2013.0206,OR,18.0,1.0,13.5,22.0,2945.49
ORR04-TS-2013.0209,OR,18.0,1.0,22.1,36.0,5028.3
ORR04-TS-2014.0001,OR,36.0,99.0,1927.0,3141.0,416939.6
ORR04-TS-2014.0002,OR,36.0,194.0,4388.7,7153.6,965175.5
ORR04-TS-2014.0003,OR,36.0,145.0,1815.0,2958.5,220344.4
ORR04-TS-2014.0004,OR,36.0,657.0,11928.0,19442.6,2660048.4
ORR04-TS-2014.0005,OR,36.0,209.0,3334.0,5434.4,805503.9
ORR04-TS-2014.0200,OR,18.0,1.0,50.0,81.5,15246.12
ORR04-TS-2014.0202,OR,18.0,6.0,156.3,254.8,50735.16
ORR04-TS-2014.0205,OR,18.0,2.0,41.7,68.0,14518.31
ORR04-TS-2014.0206,OR,18.0,2.0,63.0,102.7,21126.7
ORR04-TS-2014.0210,OR,18.0,9.0,107.8,175.7,33895.42
ORR04-TS-2014.0211,OR,18.0,2.0,55.9,91.1,19120.35
ORR04-TS-2015.0001,OR,36.0,226.0,4630.0,7546.9,967488.1
ORR04-TS-2015.0003,OR,36.0,337.0,5613.0,9149.2,1176662.0
ORR04-TS-2015.0005,OR,36.0,387.0,7659.0,12484.2,1612399.2
ORR04-TS-2015.0009,OR,36.0,307.0,3847.0,6270.6,342384.4
ORR04-TS-2015.0205,OR,18.0,1.0,115.0,187.5,37461.4
ORR04-TS-2015.0208,OR,18.0,1.0,23.6,38.5,8665.18
ORR04-TS-2015.0209,OR,18.0,2.0,122.5,199.7,38146.25
ORR04-TS-2015.0210,OR,18.0,1.0,20.2,32.9,6060.58
ORR04-TS-2015.0211,OR,18.0,1.0,29.7,48.4,10484.51
ORR04-TS-2015.0212,OR,18.0,1.0,56.1,91.4,17586.76
ORR04-TS-2015.0213,OR,18.0,2.0,85.0,138.6,26775.0
ORR04-TS-2015.0214,OR,18.0,1.0,16.5,26.9,4611.45
ORR04-TS-2015.0215,OR,18.0,3.0,188.7,307.6,66560.17
ORR04-TS-2016.0001,OR,36.0,198.0,4699.0,7659.4,1173499.0
ORR04-TS-2016.0003,OR,36.0,158.0,3589.0,5850.1,887407.7
ORR04-TS-2016.0005,OR,36.0,280.0,7017.0,11437.7,1448564.5
ORR04-TS-2016.0204,OR,6.0,1.0,11.9,19.4,2836.43
ORR04-TS-2016.0209,OR,18.0,4.0,132.0,215.2,14797.45
ORR04-TS-2016.0210,OR,18.0,2.0,76.6,124.9,28777.74
ORR04-TS-2016.0211,OR,18.0,1.0,48.0,78.2,14644.5
ORR04-TS-2016.0212,OR,18.0,2.0,81.0,132.0,24505.75
ORR04-TS-2016.0216,OR,18.0,3.0,47.0,76.6,13919.8
ORR04-TS-2016.0217,OR,18.0,1.0,28.3,46.1,9025.1
ORR04-TS-2016.0218,OR,18.0,1.0,16.6,27.1,5429.11
ORR04-TS-2016.0223,OR,6.0,3.0,15.5,25.3,3232.8
ORR04-TS-2016.0224,OR,18.0,1.0,29.8,48.6,11134.78
ORR04-TS-2016.0227,OR,18.0,1.0,27.8,45.3,6899.56
ORR04-TS-2016.0228,OR,18.0,1.0,14.0,22.8,4589.2
ORR04-TS-2016.0229,OR,18.0,1.0,43.5,70.9,13371.85
ORR04-TS-2016.0230,OR,3.0,1.0,72.6,118.3,3912.36
ORR04-TS-2016.0231,OR,18.0,1.0,31.6,51.5,9870.06
ORR04-TS-2016.0234,OR,1.0,1.0,17.0,27.7,6378.4
ORR04-TS-2017.0001,OR,36.0,283.0,6171.0,10058.7,1217618.7
ORR04-TS-2017.0002,OR,36.0,42.0,1143.0,1863.1,313175.4
ORR04-TS-2017.0003,OR,36.0,138.0,2888.0,4707.4,978707.2
ORR04-TS-2017.0008,OR,36.0,298.0,5844.0,9525.7,1052113.3
ORR04-TS-2017.0201,OR,18.0,2.0,32.0,52.2,10108.8
ORR04-TS-2017.0202,OR,12.0,1.0,8.0,13.0,2919.5
ORR04-TS-2017.0203,OR,18.0,1.0,15.1,24.6,4845.98
ORR04-TS-2017.0204,OR,18.0,4.0,25.5,41.6,8527.35
ORR04-TS-2017.0205,OR,18.0,4.0,100.0,163.0,35151.2
ORR04-TS-2017.0206,OR,18.0,2.0,57.5,93.7,22525.2
ORR04-TS-2017.0217,OR,18.0,1.0,18.2,29.7,6818.36
ORR04-TS-2018.0003,OR,36.0,82.0,2236.0,3644.7,750542.0
ORR04-TS-2018.0203,OR,18.0,1.0,14.5,23.6,5093.0
ORR04-TS-2018.0207,OR,18.0,1.0,38.2,62.3,16326.54
ORR04-TS-2018.0208,OR,18.0,1.0,27.2,44.3,11714.66
ORR04-TS-2018.0209,OR,18.0,2.0,131.7,214.7,67387.28
ORR04-TS-2018.0210,OR,18.0,1.0,11.2,18.3,5013.21
ORR04-TS-2018.0211,OR,18.0,2.0,60.5,98.6,27046.06
ORR04-TS-2018.0216,OR,18.0,3.0,25.5,41.6,10013.85
ORR04-TS-2018.0217,OR,18.0,1.0,15.2,24.8,7021.88
ORR04-TS-2018.0218,OR,18.0,0.5,8.5,13.9,3413.1
ORR04-TS-2018.0219,OR,18.0,1.0,17.3,28.2,7474.71
ORR04-TS-2018.0220,OR,18.0,2.0,43.0,70.1,16861.6
ORR04-TS-2018.0221,OR,18.0,1.0,9.5,15.5,3602.95
ORR04-TS-2018.0224,OR,18.0,1.0,33.0,53.8,16887.7
ORR04-TS-2018.0227,OR,18.0,1.0,25.0,40.8,11986.1
ORR04-TS-2019.0001,OR,36.0,197.0,6230.0,10154.9,1230322.0
ORR04-TS-2019.0002,OR,36.0,199.0,5956.0,9708.3,742361.8
ORR04-TS-2019.0004,OR,36.0,237.0,8667.0,14127.2,1380645.9
ORR04-TS-2019.0006,OR,36.0,257.0,7460.0,12159.8,1454598.0
ORR04-TS-2019.0009,OR,24.0,167.0,6452.0,10516.8,680178.9
ORR04-TS-2019.0201,OR,18.0,3.0,105.7,172.3,25386.0
ORR04-TS-2019.0202,OR,18.0,1.0,19.4,31.6,7873.36
ORR04-TS-2019.0209,OR,18.0,3.0,343.5,559.9,107239.0
ORR04-TS-2019.0210,OR,18.0,1.0,26.8,43.7,6890.5
ORR04-TS-2019.0211,OR,18.0,1.0,27.0,44.0,6348.0
ORR04-TS-2019.0212,OR,18.0,1.0,19.1,31.1,4015.32
ORR04-TS-2019.0214,OR,6.0,64.0,37.0,60.3,2943.85
ORR04-TS-2019.0217,OR,18.0,11.0,17.0,27.7,2708.68
ORR04-TS-2019.0220,OR,18.0,7.0,50.5,82.3,4090.7
ORR04-TS-2019.0221,OR,18.0,1.0,14.9,24.3,3661.26
ORR04-TS-2019.0222,OR,18.0,2.0,212.4,346.2,43017.85
ORR04-TS-2019.0223,OR,18.0,3.0,23.2,37.8,5011.87
ORR04-TS-2019.0224,OR,18.0,1.0,28.0,45.6,6582.8
ORR04-TS-2019.0226,OR,18.0,3.0,230.5,375.7,60652.15
ORR04-TS-2019.0230,OR,18.0,1.0,18.0,29.3,4298.4
ORR05-TS-2011.0004,OR,36.0,121.0,1989.3,3645.7,127627.4
ORR05-TS-2011.0014,OR,36.0,62.0,1070.9,1946.8,108303.4
ORR05-TS-2012.0005,OR,36.0,147.0,2297.7,4234.1,229969.2
ORR05-TS-2012.0007,OR,36.0,78.0,1979.0,3616.9,322440.9
ORR05-TS-2012.0008,OR,36.0,188.0,6395.0,10837.0,1335553.7
ORR05-TS-2012.0009,OR,36.0,16.0,459.6,775.3,31355.8
ORR05-TS-2012.0205,OR,18.0,1.0,69.4,113.1,16844.05
ORR05-TS-2012.0206,OR,15.0,2.0,131.5,214.4,39315.45
ORR05-TS-2013.0207,OR,18.0,3.0,97.1,158.3,35443.43
ORR05-TS-2013.0208,OR,18.0,1.0,14.0,22.8,2797.2
ORR05-TS-2013.0210,OR,18.0,18.0,77.1,125.7,3213.02
ORR05-TS-2014.0007,OR,36.0,327.0,6394.0,10422.2,1467903.8
ORR05-TS-2014.0009,OR,36.0,202.0,6252.0,10190.8,1593460.1
ORR05-TS-2014.0010,OR,3.0,7.0,161.6,263.4,75579.8
ORR05-TS-2014.0201,OR,18.0,1.0,41.5,67.6,14706.9
ORR05-TS-2014.0203,OR,18.0,10.0,326.0,531.4,22657.0
ORR05-TS-2014.0204,OR,12.0,41.0,906.0,1476.8,32607.2
ORR05-TS-2014.0207,OR,18.0,10.0,589.0,960.1,233248.7
ORR05-TS-2014.0208,OR,15.0,2.0,144.4,235.4,31845.66
ORR05-TS-2014.0209,OR,24.0,12.0,442.5,721.3,134454.4
ORR05-TS-2014.0212,OR,15.0,2.0,43.9,71.6,12186.13
ORR05-TS-2014.0213,OR,15.0,1.0,10.1,16.5,3007.67
ORR05-TS-2015.0002,OR,36.0,271.0,3823.0,6231.5,714885.0
ORR05-TS-2015.0004,OR,36.0,253.0,4891.0,7972.3,1287379.6
ORR05-TS-2015.0006,OR,36.0,291.0,5515.0,8989.5,1241680.8
ORR05-TS-2015.0200,OR,18.0,1.0,31.0,50.5,4345.9
ORR05-TS-2015.0201,OR,18.0,64.0,1527.0,2489.0,242010.3
ORR05-TS-2015.0202,OR,18.0,28.0,545.0,888.4,107460.1
ORR05-TS-2015.0203,OR,24.0,2.0,94.7,154.4,30879.11
ORR05-TS-2015.0204,OR,18.0,10.0,467.6,762.2,136556.87
ORR05-TS-2015.0206,OR,15.0,1.0,11.3,18.4,3580.6
ORR05-TS-2015.0207,OR,15.0,1.0,20.6,33.6,6258.78
ORR05-TS-2015.0216,OR,6.0,22.0,77.8,126.8,3787.21
ORR05-TS-2016.0002,OR,36.0,221.0,4667.0,7607.2,943576.8
ORR05-TS-2016.0006,OR,36.0,365.0,5859.0,9550.2,1311387.1
ORR05-TS-2016.0007,OR,36.0,310.0,4072.0,6637.4,676545.6
ORR05-TS-2016.0008,OR,3.0,12.0,600.0,978.0,218033.2
ORR05-TS-2016.0200,OR,18.0,5.0,35.0,57.1,6462.03
ORR05-TS-2016.0201,OR,18.0,2.0,52.1,84.9,12741.08
ORR05-TS-2016.0202,OR,18.0,1.0,117.3,191.2,34571.31
ORR05-TS-2016.0203,OR,3.0,4.0,116.4,189.7,27301.47
ORR05-TS-2016.0205,OR,3.0,170.0,4262.0,6947.1,626694.2
ORR05-TS-2016.0206,OR,18.0,1.0,136.4,222.3,42061.02
ORR05-TS-2016.0207,OR,18.0,1.0,96.8,157.8,25478.47
ORR05-TS-2016.0208,OR,18.0,0.9,17.0,27.7,4676.25
ORR05-TS-2016.0213,OR,12.0,33.0,913.0,1488.2,178292.0
ORR05-TS-2016.0214,OR,18.0,4.0,204.0,332.5,46765.62
ORR05-TS-2016.0215,OR,12.0,131.0,2725.0,4441.8,361583.6
ORR05-TS-2016.0219,OR,18.0,1.0,29.9,48.7,7938.16
ORR05-TS-2016.0220,OR,18.0,2.0,41.1,67.0,12375.51
ORR05-TS-2016.0221,OR,18.0,3.0,42.3,68.9,10556.33
ORR05-TS-2016.0222,OR,18.0,1.0,17.1,27.9,4796.74
ORR05-TS-2016.0225,OR,18.0,4.0,126.5,206.2,39373.9
ORR05-TS-2016.0226,OR,12.0,168.0,4464.0,7276.3,713429.7
ORR05-TS-2016.0232,OR,18.0,2.0,63.5,103.5,22170.64
ORR05-TS-2016.0233,OR,18.0,1.0,25.2,41.1,7738.04
ORR05-TS-2016.0235,OR,12.0,13.0,212.0,345.6,18447.5
ORR05-TS-2016.0236,OR,18.0,3.0,31.0,50.5,8246.0
ORR05-TS-2016.0237,OR,18.0,1.0,29.1,47.4,8587.44
ORR05-TS-2017.0004,OR,36.0,135.0,3397.0,5537.1,946426.4
ORR05-TS-2017.0005,OR,36.0,282.0,6671.0,10873.7,2252951.8
ORR05-TS-2017.0007,OR,36.0,110.0,3438.0,5603.9,304782.0
ORR05-TS-2017.0207,OR,18.0,1.0,18.0,29.3,6105.8
ORR05-TS-2017.0208,OR,18.0,1.0,85.9,140.0,27190.34
ORR05-TS-2017.0209,OR,18.0,1.0,192.4,313.6,60609.02
ORR05-TS-2017.0210,OR,18.0,1.0,39.1,63.7,12249.45
ORR05-TS-2017.0211,OR,18.0,1.0,12.2,19.9,3788.44
ORR05-TS-2017.0212,OR,18.0,3.0,78.2,127.5,24593.18
ORR05-TS-2017.0213,OR,18.0,1.0,40.0,65.2,14464.2
ORR05-TS-2017.0214,OR,18.0,3.5,85.7,139.7,30298.98
ORR05-TS-2018.0001,OR,36.0,344.0,4120.0,6715.6,762351.5
ORR05-TS-2018.0002,OR,36.0,265.0,6820.0,11116.6,2297693.2
ORR05-TS-2018.0004,OR,36.0,257.0,4272.0,6963.4,1085432.7
ORR05-TS-2018.0005,OR,36.0,313.0,9369.0,15271.5,4814372.1
ORR05-TS-2018.0006,OR,36.0,199.0,2772.0,4518.4,345530.1
ORR05-TS-2018.0008,OR,12.0,40.0,702.0,1144.3,236493.8
ORR05-TS-2018.0201,OR,18.0,1.0,81.0,132.0,21792.35
ORR05-TS-2018.0202,OR,18.0,1.0,16.4,26.7,5678.59
ORR05-TS-2018.0204,OR,18.0,17.0,487.6,794.8,166387.08
ORR05-TS-2018.0206,OR,18.0,2.0,52.4,85.4,24430.88
ORR05-TS-2018.0212,OR,18.0,3.0,12.2,19.9,2837.64
ORR05-TS-2018.0214,OR,18.0,1.5,163.0,265.7,74175.5
ORR05-TS-2018.0215,OR,18.0,3.0,44.4,72.4,20488.68
ORR05-TS-2018.0222,OR,18.0,5.0,94.5,154.0,43428.15
ORR05-TS-2018.0223,OR,18.0,0.3,38.9,63.4,16593.32
ORR05-TS-2018.0225,OR,18.0,4.0,43.0,70.1,20760.1
ORR05-TS-2018.0226,OR,18.0,1.0,53.0,86.4,20453.8
ORR05-TS-2019.0203,OR,18.0,15.0,63.4,103.3,16162.52
ORR05-TS-2019.0205,OR,18.0,7.0,263.5,429.5,104182.6
ORR05-TS-2019.0206,OR,18.0,2.0,69.0,112.5,13327.0
ORR05-TS-2019.0207,OR,18.0,0.6,16.7,27.2,3799.74
ORR05-TS-2019.0208,OR,18.0,3.0,100.0,163.0,2143.0
ORR05-TS-2019.0219,OR,18.0,3.0,29.9,48.7,3036.93
ORR05-TS-2019.0225,OR,18.0,2.0,38.9,63.4,9664.82
ORS04-TS-2012.0501,OR,36.0,207.0,3016.0,5479.0,974168.0
ORS04-TS-2012.0503,OR,36.0,444.0,11748.8,20556.2,2417103.0
ORS04-TS-2013.0501,OR,36.0,324.0,7070.0,11524.1,1680968.3
ORS04-TS-2013.0502,OR,36.0,362.0,6766.6,12110.4,1457104.1
ORS04-TS-2013.0504,OR,36.0,68.0,1598.0,2912.0,559300.0
ORS04-TS-2013.0505,OR,36.0,400.0,7732.0,12603.2,1112872.6
ORS04-TS-2013.0506,OR,36.0,108.0,1937.0,3157.3,400353.7
ORS04-TS-2013.0551,OR,12.0,2.0,105.0,171.2,26075.8
ORS04-TS-2014.0501,OR,36.0,221.0,4244.9,6919.2,944742.0
ORS04-TS-2014.0502,OR,36.0,510.0,12150.0,19804.5,3696862.5
ORS04-TS-2015.0501,OR,36.0,278.0,5049.0,8229.9,1343363.8
ORS04-TS-2015.0502,OR,36.0,302.0,6982.0,11380.7,1917181.0
ORS04-TS-2015.0503,OR,36.0,391.0,6821.0,11118.2,2000931.4
ORS04-TS-2015.0504,OR,18.0,28.0,797.0,1299.1,103509.41
ORS04-TS-2016.0501,OR,36.0,287.0,4444.0,7243.7,1157189.2
ORS04-TS-2016.0502,OR,36.0,129.0,4495.0,7326.9,1739348.5
ORS04-TS-2016.0503,OR,36.0,51.0,2126.0,3465.4,492301.4
ORS04-TS-2016.0504,OR,36.0,369.0,8813.0,14365.2,2031857.6
ORS04-TS-2016.0552,OR,12.0,1.0,64.0,104.3,16528.8
ORS04-TS-2016.0553,OR,12.0,1.0,105.0,171.2,28277.3
ORS05-TS-2012.0301,OR,36.0,285.0,13424.4,21580.0,2171541.1
ORS05-TS-2012.0302,OR,24.0,54.0,281.0,560.3,24356.7
ORS05-TS-2012.0304,OR,36.0,46.0,1042.0,1872.0,267794.0
ORS05-TS-2012.0305,OR,36.0,41.0,494.0,916.0,74330.8
ORS05-TS-2012.0309,OR,12.0,4.0,221.0,399.0,29125.4
ORS05-TS-2013.0301,OR,36.0,198.0,6082.0,10814.6,682849.0
ORS05-TS-2013.0302,OR,36.0,217.0,6125.0,9983.8,857665.0
ORS05-TS-2013.0303,OR,36.0,185.0,3089.0,5035.1,932829.1
ORS05-TS-2013.0304,OR,18.0,8.0,76.0,154.0,10740.0
ORS05-TS-2013.0306,OR,12.0,2.0,91.0,166.0,20968.1
ORS05-TS-2013.0309,OR,12.0,1.0,57.0,92.9,15059.4
ORS05-TS-2014.0301,OR,36.0,55.0,2121.0,3457.2,676320.39
ORS05-TS-2014.0302,OR,36.0,63.0,717.0,1168.7,37628.7
ORS05-TS-2014.0303,OR,36.0,315.0,9737.0,15871.3,2691544.3
ORS05-TS-2014.0304,OR,36.0,126.0,5165.0,8419.0,1785083.1
ORS05-TS-2014.0305,OR,36.0,179.0,3561.0,5804.4,833274.0
ORS05-TS-2014.0306,OR,12.0,2.0,71.0,115.7,23783.8
ORS05-TS-2015.0301,OR,36.0,202.0,4958.0,8081.5,292987.4
ORS05-TS-2015.0302,OR,36.0,115.0,8176.0,13326.9,2655323.9
ORS05-TS-2015.0303,OR,18.0,13.0,30.0,48.9,6390.0
ORS05-TS-2015.0304,OR,18.0,43.0,108.0,176.0,21924.0
ORS05-TS-2015.0305,OR,12.0,1.0,30.0,48.9,5272.3
ORS05-TS-2016.0301,OR,36.0,367.0,13691.0,22316.3,4274575.7
ORS05-TS-2016.0302,OR,12.0,21.0,405.0,660.2,93219.2
ORS05-TS-2016.0303,OR,6.0,2.0,71.0,115.7,23238.6
ORS05-TS-2016.0304,OR,12.0,3.0,45.0,73.4,13018.5
ORS05-TS-2016.0306,OR,12.0,2.0,72.0,117.4,25689.6
ORS05-TS-2016.0307,OR,12.0,2.0,25.0,40.8,5969.8
ORS06-TS-2012.0101,OR,36.0,120.0,1796.4,3182.0,307937.6
ORS06-TS-2012.0103,OR,36.0,154.0,3329.6,6051.4,1031940.0
ORS06-TS-2012.0104,OR,36.0,467.0,11373.3,21114.2,1655758.5
ORS06-TS-2012.0105,OR,12.0,53.0,747.7,1541.0,4418.4
ORS06-TS-2013.0101,OR,36.0,397.0,7189.0,11718.1,2021073.1
ORS06-TS-2013.0102,OR,36.0,169.0,2992.0,4877.0,846800.0
ORS06-TS-2013.0103,OR,36.0,293.0,5082.5,8284.5,902478.0
ORS06-TS-2013.0105,OR,36.0,302.0,6756.2,12785.1,555553.6
ORS06-TS-2013.0151,OR,12.0,2.0,32.0,52.2,9014.4
ORS06-TS-2014.0101,OR,36.0,275.0,4897.0,7982.1,1800975.5
ORS06-TS-2014.0102,OR,36.0,159.0,4021.0,6554.2,1208254.77
ORS06-TS-2014.0103,OR,36.0,163.0,3388.0,5522.4,779555.3
ORS06-TS-2014.0104,OR,36.0,33.0,764.0,1245.3,235388.4
ORS06-TS-2014.0151,OR,12.0,1.0,17.0,27.7,5142.5
ORS06-TS-2015.0101,OR,36.0,203.0,4306.0,7018.8,1850194.0
ORS06-TS-2015.0102,OR,36.0,398.0,10081.0,16432.0,4150867.4
ORS06-TS-2016.0101,OR,36.0,202.0,4865.0,7930.0,1778647.2
ORS06-TS-2016.0102,OR,36.0,130.0,3755.0,6120.7,1096299.4
ORS06-TS-2016.0151,OR,12.0,1.0,87.0,141.8,32607.6
ORV00-TS-2016.0004,OR,24.0,221.0,991.0,1615.3,94208.56
ORV05-TS-2015.0001,OR,36.0,56.0,280.0,456.4,16556.02
ORV05-TS-2016.0004,OR,24.0,221.0,991.0,1615.3,94208.56
ORV05-TS-2016.0006,OR,24.0,81.0,693.0,1129.6,45701.14
ORV05-TS-2016.0009,OR,6.0,142.0,244.6,398.7,7527.0
ORV05-TS-2016.0010,OR,18.0,524.0,2525.0,4115.8,44709.94
ORV05-TS-2017.0001,OR,36.0,127.0,423.0,689.5,56675.0
ORW00-TS-2013.0001,OR,12.0,18.0,29.0,47.3,1012.1
ORW02-TS-2018.0001,OR,36.0,115.0,591.0,963.3,35566.38
ORW03-TS-2013.0002,OR,12.0,26.0,242.6,395.4,8733.6
WY02-TS-2012.0001,WY,24.0,50.0,255.0,489.7,3000.0
WY08-TS-2010.0001,WY,36.0,123.0,624.0,1368.0,6214.68
WY09-TS-2010.0001,WY,30.0,346.0,2125.0,4140.0,10782.0
WYD00-TS-2016.0002,WY,36.0,173.1,2116.0,3449.1,45917.2
WYD03-TS-2014.0001,WY,24.0,12.2,340.0,554.2,4981.0
WYD03-TS-2015.0001,WY,24.0,33.0,614.0,1000.8,10665.18
WYD03-TS-2015.0002,WY,24.0,38.4,652.0,1062.8,16378.24
WYD03-TS-2016.0002,WY,36.0,173.1,2116.0,3449.1,45917.2
WYD03-TS-2017.0001,WY,36.0,44.7,400.0,652.0,8820.0
WYD03-TS-2017.1702,WY,18.0,38.0,249.0,405.9,3735.0
WYD03-TS-2017.1703,WY,36.0,110.0,1293.0,2107.6,33760.23
WYD03-TS-2018.1801,WY,24.0,42.0,462.0,753.1,8316.0
WYD03-TS-2018.1802,WY,36.0,79.0,711.0,1158.9,13198.5
WYD03-TS-2019.1901,WY,36.0,70.5,1423.0,2319.5,14502.1
WYD09-TS-2015.0001,WY,36.0,228.0,2350.0,3830.5,77470.8
WYP07-TS-2016.0001,WY,30.0,137.0,610.1,994.5,15862.6
WYP07-TS-2018.0001,WY,24.0,35.0,230.0,374.9,13682.0
WYP08-TS-2012.0001,WY,36.0,38.0,118.6,193.3,9412.0
WYP08-TS-2014.0001,WY,36.0,156.0,753.1,1227.6,68287.0
WYP08-TS-2017.0001,WY,24.0,35.0,113.0,184.2,6504.4
WYP08-TS-2018.0001,WY,36.0,70.0,289.0,471.1,29999.7
WYP08-TS-2018.0005,WY,36.0,200.0,900.0,1467.0,62741.25
WYP08-TS-2019.0001,WY,36.0,116.65,233.6,380.8,13460.2
WYR05-TS-2013.0001,WY,36.0,55.0,250.0,407.5,3250.0
WYR05-TS-2014.0001,WY,36.0,112.0,450.0,733.5,9463.5
WYR05-TS-2015.0001,WY,36.0,92.0,365.0,595.0,5475.0
